{
	"parent": "item/handheld",
	"textures": {
		"layer0": "item/skydinse/items/colorpalette"
	},
    
    "display": {
        "ground": {
            "rotation": [ 0, 0, 0 ],
            "translation": [ 0, 3, 1 ],
            "scale": [ 0.55, 0.55, 0.55 ]
        },
        "fixed": {
            "rotation": [ 0, 0, 0 ],
            "translation": [ 0, 3, 1 ],
            "scale": [ 0.55, 0.55, 0.55 ]
        },

        "firstperson_righthand": {
            "rotation": [ 45, -90, 70 ],
            "translation": [ 2, 2, 0 ],
            "scale": [ 0.8, 0.8, 0.8 ]
        },
        "firstperson_leftthand": {
            "rotation": [ 45, -90, 70 ],
            "translation": [ 2, 2, 0 ],
            "scale": [ 0.8, 0.8, 0.8 ]
        },

        "thirdperson_righthand": {
            "rotation": [ 0, 0, 0 ],
            "translation": [ 0, 3, 1 ],
            "scale": [ 0.55, 0.55, 0.55 ]
        },
        "thirdperson_lefthand": {
        	"rotation": [ 0, 0, 0 ],
        	"translation": [ 0, 3, 1 ],
        	"scale": [ 0.55, 0.55, 0.55 ]
        }
    }
}
