{
	"credit": "Made with Blockbench",
	"texture_size": [64, 64],
	"textures": {
		"0": "item/models/hub/blockparty/blockparty"
	},
	"elements": [
		{
			"name": "leftLeg",
			"from": [5, 12, 2],
			"to": [9, 17, 6],
			"rotation": {"angle": -22.5, "axis": "x", "origin": [9, 0, 2]},
			"faces": {
				"north": {"uv": [9, 3.25, 10, 4.5], "texture": "#0"},
				"east": {"uv": [8, 3.25, 9, 4.5], "texture": "#0"},
				"south": {"uv": [11, 3.25, 12, 4.5], "texture": "#0"},
				"west": {"uv": [10, 3.25, 11, 4.5], "texture": "#0"},
				"up": {"uv": [10, 3.25, 9, 2.25], "texture": "#0"},
				"down": {"uv": [11, 2.25, 10, 3.25], "texture": "#0"}
			}
		},
		{
			"name": "leftLeg",
			"from": [6, 8, 3],
			"to": [8, 12, 5],
			"rotation": {"angle": -22.5, "axis": "x", "origin": [9, 0, 2]},
			"faces": {
				"north": {"uv": [0.5, 0.5, 1, 1.5], "texture": "#0"},
				"east": {"uv": [0, 0.5, 0.5, 1.5], "texture": "#0"},
				"south": {"uv": [1.5, 0.5, 2, 1.5], "texture": "#0"},
				"west": {"uv": [1, 0.5, 1.5, 1.5], "texture": "#0"},
				"up": {"uv": [1, 0.5, 0.5, 0], "texture": "#0"},
				"down": {"uv": [1.5, 0, 1, 0.5], "texture": "#0"}
			}
		},
		{
			"name": "leftLeg",
			"from": [5, 5, 2],
			"to": [9, 8, 6],
			"rotation": {"angle": -22.5, "axis": "x", "origin": [9, 0, 2]},
			"faces": {
				"north": {"uv": [1, 12, 2, 12.75], "texture": "#0"},
				"east": {"uv": [0, 12, 1, 12.75], "texture": "#0"},
				"south": {"uv": [3, 12, 4, 12.75], "texture": "#0"},
				"west": {"uv": [2, 12, 3, 12.75], "texture": "#0"},
				"up": {"uv": [2, 12, 1, 11], "texture": "#0"},
				"down": {"uv": [3, 11, 2, 12], "texture": "#0"}
			}
		},
		{
			"name": "rightLeg",
			"from": [9, -3, 9],
			"to": [13, 9, 13],
			"rotation": {"angle": -45, "axis": "x", "origin": [9, 0, 2]},
			"faces": {
				"north": {"uv": [8, 8, 9, 11], "texture": "#0"},
				"east": {"uv": [7, 8, 8, 11], "texture": "#0"},
				"south": {"uv": [10, 8, 11, 11], "texture": "#0"},
				"west": {"uv": [9, 8, 10, 11], "texture": "#0"},
				"up": {"uv": [9, 8, 8, 7], "texture": "#0"},
				"down": {"uv": [10, 7, 9, 8], "texture": "#0"}
			}
		},
		{
			"name": "body",
			"from": [9, 20, 0],
			"to": [13, 24, 4],
			"rotation": {"angle": 0, "axis": "x", "origin": [9, 0, 2]},
			"faces": {
				"north": {"uv": [11, 11, 12, 12], "texture": "#0"},
				"east": {"uv": [10, 11, 11, 12], "texture": "#0"},
				"south": {"uv": [13, 11, 14, 12], "texture": "#0"},
				"west": {"uv": [12, 11, 13, 12], "texture": "#0"},
				"up": {"uv": [12, 11, 11, 10], "texture": "#0"},
				"down": {"uv": [13, 10, 12, 11], "texture": "#0"}
			}
		},
		{
			"name": "body",
			"from": [5, 12, 1],
			"to": [9, 24, 5],
			"rotation": {"angle": 0, "axis": "x", "origin": [9, 0, 2]},
			"faces": {
				"north": {"uv": [5, 5, 6, 8], "texture": "#0"},
				"east": {"uv": [4, 5, 5, 8], "texture": "#0"},
				"south": {"uv": [7, 5, 8, 8], "texture": "#0"},
				"west": {"uv": [6, 5, 7, 8], "texture": "#0"},
				"up": {"uv": [6, 5, 5, 4], "texture": "#0"},
				"down": {"uv": [7, 4, 6, 5], "texture": "#0"}
			}
		},
		{
			"name": "body",
			"from": [9, 12, 0],
			"to": [13, 16, 4],
			"rotation": {"angle": 0, "axis": "x", "origin": [9, 0, 2]},
			"faces": {
				"north": {"uv": [4, 11, 5, 12], "texture": "#0"},
				"east": {"uv": [3, 11, 4, 12], "texture": "#0"},
				"south": {"uv": [6, 11, 7, 12], "texture": "#0"},
				"west": {"uv": [5, 11, 6, 12], "texture": "#0"},
				"up": {"uv": [5, 11, 4, 10], "texture": "#0"},
				"down": {"uv": [6, 10, 5, 11], "texture": "#0"}
			}
		},
		{
			"name": "body",
			"from": [5, 20, 4],
			"to": [9, 24, 5],
			"rotation": {"angle": 0, "axis": "x", "origin": [9, 0, 2]},
			"faces": {
				"north": {"uv": [11.25, 8.25, 12.25, 9.25], "texture": "#0"},
				"east": {"uv": [11, 8.25, 11.25, 9.25], "texture": "#0"},
				"south": {"uv": [12.5, 8.25, 13.5, 9.25], "texture": "#0"},
				"west": {"uv": [12.25, 8.25, 12.5, 9.25], "texture": "#0"},
				"up": {"uv": [12.25, 8.25, 11.25, 8], "texture": "#0"},
				"down": {"uv": [13.25, 8, 12.25, 8.25], "texture": "#0"}
			}
		},
		{
			"name": "body",
			"from": [9, 12, 4],
			"to": [13, 16, 5],
			"rotation": {"angle": 0, "axis": "x", "origin": [9, 0, 2]},
			"faces": {
				"north": {"uv": [7.25, 11.25, 8.25, 12.25], "texture": "#0"},
				"east": {"uv": [7, 11.25, 7.25, 12.25], "texture": "#0"},
				"south": {"uv": [8.5, 11.25, 9.5, 12.25], "texture": "#0"},
				"west": {"uv": [8.25, 11.25, 8.5, 12.25], "texture": "#0"},
				"up": {"uv": [8.25, 11.25, 7.25, 11], "texture": "#0"},
				"down": {"uv": [9.25, 11, 8.25, 11.25], "texture": "#0"}
			}
		},
		{
			"name": "body",
			"from": [5, 12, 6],
			"to": [9, 16, 7],
			"rotation": {"angle": -22.5, "axis": "x", "origin": [9, 0, 2]},
			"faces": {
				"north": {"uv": [12, 4.5, 13, 5.5], "texture": "#0"},
				"east": {"uv": [11.75, 4.5, 12, 5.5], "texture": "#0"},
				"south": {"uv": [13.25, 4.5, 14.25, 5.5], "texture": "#0"},
				"west": {"uv": [13, 4.5, 13.25, 5.5], "texture": "#0"},
				"up": {"uv": [13, 4.5, 12, 4.25], "texture": "#0"},
				"down": {"uv": [14, 4.25, 13, 4.5], "texture": "#0"}
			}
		},
		{
			"name": "body",
			"from": [9, 20, 4],
			"to": [13, 24, 5],
			"rotation": {"angle": 0, "axis": "x", "origin": [9, 0, 2]},
			"faces": {
				"north": {"uv": [4.25, 12.25, 5.25, 13.25], "texture": "#0"},
				"east": {"uv": [4, 12.25, 4.25, 13.25], "texture": "#0"},
				"south": {"uv": [5.5, 12.25, 6.5, 13.25], "texture": "#0"},
				"west": {"uv": [5.25, 12.25, 5.5, 13.25], "texture": "#0"},
				"up": {"uv": [5.25, 12.25, 4.25, 12], "texture": "#0"},
				"down": {"uv": [6.25, 12, 5.25, 12.25], "texture": "#0"}
			}
		},
		{
			"name": "head",
			"from": [5, 24, -1],
			"to": [13, 32, 7],
			"rotation": {"angle": 0, "axis": "y", "origin": [9, 0, 2]},
			"faces": {
				"north": {"uv": [2, 2, 4, 4], "texture": "#0"},
				"east": {"uv": [0, 2, 2, 4], "texture": "#0"},
				"south": {"uv": [6, 2, 8, 4], "texture": "#0"},
				"west": {"uv": [4, 2, 6, 4], "texture": "#0"},
				"up": {"uv": [4, 2, 2, 0], "texture": "#0"},
				"down": {"uv": [6, 0, 4, 2], "texture": "#0"}
			}
		},
		{
			"name": "eyes",
			"from": [4.5, 23, -1.5],
			"to": [13.5, 32, 0.5],
			"rotation": {"angle": 0, "axis": "y", "origin": [9, 0, 2]},
			"faces": {
				"north": {"uv": [8.25, 0.25, 10.25, 2.25], "texture": "#0"},
				"east": {"uv": [8, 0.25, 8.25, 2.25], "texture": "#0"},
				"south": {"uv": [10.5, 0.25, 12.5, 2.25], "texture": "#0"},
				"west": {"uv": [10.25, 0.25, 10.5, 2.25], "texture": "#0"},
				"up": {"uv": [10.25, 0.25, 8.25, 0], "texture": "#0"},
				"down": {"uv": [12.25, 0, 10.25, 0.25], "texture": "#0"}
			}
		},
		{
			"name": "leftArm",
			"from": [-1, 14, 9],
			"to": [3, 22, 13],
			"rotation": {"angle": -22.5, "axis": "x", "origin": [9, 0, 2]},
			"faces": {
				"north": {"uv": [1, 9, 2, 11], "texture": "#0"},
				"east": {"uv": [0, 9, 1, 11], "texture": "#0"},
				"south": {"uv": [3, 9, 4, 11], "texture": "#0"},
				"west": {"uv": [2, 9, 3, 11], "texture": "#0"},
				"up": {"uv": [2, 9, 1, 8], "texture": "#0"},
				"down": {"uv": [3, 8, 2, 9], "texture": "#0"}
			}
		},
		{
			"name": "cake",
			"from": [0, 29, 15],
			"to": [3, 32, 18],
			"rotation": {"angle": -22.5, "axis": "x", "origin": [9, 0, 2]},
			"faces": {
				"north": {"uv": [10.75, 7.25, 11.5, 8], "texture": "#0"},
				"east": {"uv": [10, 7.25, 10.75, 8], "texture": "#0"},
				"south": {"uv": [12.25, 7.25, 13, 8], "texture": "#0"},
				"west": {"uv": [11.5, 7.25, 12.25, 8], "texture": "#0"},
				"up": {"uv": [11.5, 7.25, 10.75, 6.5], "texture": "#0"},
				"down": {"uv": [12.25, 6.5, 11.5, 7.25], "texture": "#0"}
			}
		},
		{
			"name": "grass",
			"from": [-6, 23, 2],
			"to": [-2, 27, 6],
			"rotation": {"angle": -22.5, "axis": "x", "origin": [9, 0, 2]},
			"faces": {
				"north": {"uv": [9, 5.5, 10, 6.5], "texture": "#0"},
				"east": {"uv": [8, 5.5, 9, 6.5], "texture": "#0"},
				"south": {"uv": [11, 5.5, 12, 6.5], "texture": "#0"},
				"west": {"uv": [10, 5.5, 11, 6.5], "texture": "#0"},
				"up": {"uv": [10, 5.5, 9, 4.5], "texture": "#0"},
				"down": {"uv": [11, 4.5, 10, 5.5], "texture": "#0"}
			}
		},
		{
			"name": "rightArm",
			"from": [13, 8, 9],
			"to": [17, 20, 13],
			"rotation": {"angle": -22.5, "axis": "x", "origin": [9, 0, 2]},
			"faces": {
				"north": {"uv": [1, 5, 2, 8], "texture": "#0"},
				"east": {"uv": [0, 5, 1, 8], "texture": "#0"},
				"south": {"uv": [3, 5, 4, 8], "texture": "#0"},
				"west": {"uv": [2, 5, 3, 8], "texture": "#0"},
				"up": {"uv": [2, 5, 1, 4], "texture": "#0"},
				"down": {"uv": [3, 4, 2, 5], "texture": "#0"}
			}
		},
		{
			"name": "rightArm",
			"from": [15, 23, 10],
			"to": [18, 26, 13],
			"rotation": {"angle": -22.5, "axis": "x", "origin": [9, 0, 2]},
			"faces": {
				"north": {"uv": [4.75, 8.75, 5.5, 9.5], "texture": "#0"},
				"east": {"uv": [4, 8.75, 4.75, 9.5], "texture": "#0"},
				"south": {"uv": [6.25, 8.75, 7, 9.5], "texture": "#0"},
				"west": {"uv": [5.5, 8.75, 6.25, 9.5], "texture": "#0"},
				"up": {"uv": [5.5, 8.75, 4.75, 8], "texture": "#0"},
				"down": {"uv": [6.25, 8, 5.5, 8.75], "texture": "#0"}
			}
		},
		{
			"name": "emerald",
			"from": [17, 27, 9],
			"to": [19, 29, 11],
			"rotation": {"angle": -22.5, "axis": "x", "origin": [9, 0, 2]},
			"faces": {
				"north": {"uv": [3.5, 4.5, 4, 5], "texture": "#0"},
				"east": {"uv": [3, 4.5, 3.5, 5], "texture": "#0"},
				"south": {"uv": [4.5, 4.5, 5, 5], "texture": "#0"},
				"west": {"uv": [4, 4.5, 4.5, 5], "texture": "#0"},
				"up": {"uv": [4, 4.5, 3.5, 4], "texture": "#0"},
				"down": {"uv": [4.5, 4, 4, 4.5], "texture": "#0"}
			}
		}
	],
	"display": {
		"head": {
			"translation": [0, -30.25, 12.5],
			"scale": [2.5, 2.5, 2.5]
		}
	},
	"groups": [
		{
			"name": "root",
			"origin": [0, 0, 0],
			"color": 0,
			"children": [
				{
					"name": "pivot",
					"origin": [0, 13, 0],
					"color": 1,
					"children": [
						{
							"name": "leftLeg",
							"origin": [-1.9, 12, 0],
							"color": 2,
							"children": [0, 1, 2]
						},
						{
							"name": "rightLeg",
							"origin": [1.9, 12, 0],
							"color": 3,
							"children": [3]
						},
						{
							"name": "waist",
							"origin": [0, 12, 0],
							"color": 4,
							"children": [
								{
									"name": "body",
									"origin": [0, 24, 0],
									"color": 5,
									"children": [
										4,
										5,
										6,
										7,
										8,
										9,
										10,
										{
											"name": "head",
											"origin": [0, 24, 0],
											"color": 6,
											"children": [
												11,
												{
													"name": "eyes",
													"origin": [0, 28, -4],
													"color": 7,
													"children": [12]
												}
											]
										},
										{
											"name": "leftArm",
											"origin": [-5, 21.5, 0],
											"color": 8,
											"children": [
												13,
												{
													"name": "cake",
													"origin": [-8.5, 27.5, 0.5],
													"color": 9,
													"children": [14]
												},
												{
													"name": "grass",
													"origin": [-7, 23, -1],
													"color": 0,
													"children": [15]
												}
											]
										},
										{
											"name": "rightArm",
											"origin": [5, 21.5, 0],
											"color": 1,
											"children": [
												16,
												17,
												{
													"name": "emerald",
													"origin": [9, 28, 0],
													"color": 2,
													"children": [18]
												}
											]
										}
									]
								}
							]
						}
					]
				}
			]
		}
	]
}