{
	"credit": "Made with Blockbench",
	"texture_size": [64, 64],
	"textures": {
		"0": "item/models/hub/deathrun/deathrun"
	},
	"elements": [
		{
			"name": "leftLeg",
			"from": [4.6, -2, 1.5],
			"to": [7.6, 4, 4.5],
			"shade": false,
			"rotation": {"angle": 22.5, "axis": "x", "origin": [8, 0, 9]},
			"faces": {
				"north": {"uv": [13.5, 4.75, 12.75, 6.25], "texture": "#0"},
				"east": {"uv": [14.25, 4.75, 13.5, 6.25], "texture": "#0"},
				"south": {"uv": [15, 4.75, 14.25, 6.25], "texture": "#0"},
				"west": {"uv": [12.75, 4.75, 12, 6.25], "texture": "#0"},
				"up": {"uv": [12.75, 4.75, 13.5, 4], "texture": "#0"},
				"down": {"uv": [13.5, 4, 14.25, 4.75], "texture": "#0"}
			}
		},
		{
			"name": "leftLeg",
			"from": [4.1, 5, 3],
			"to": [8.1, 11, 7],
			"shade": false,
			"rotation": {"angle": 0, "axis": "x", "origin": [8, 0, 9]},
			"faces": {
				"north": {"uv": [9.5, 12, 8.5, 13.5], "texture": "#0"},
				"east": {"uv": [10.5, 12, 9.5, 13.5], "texture": "#0"},
				"south": {"uv": [11.5, 12, 10.5, 13.5], "texture": "#0"},
				"west": {"uv": [8.5, 12, 7.5, 13.5], "texture": "#0"},
				"up": {"uv": [8.5, 12, 9.5, 11], "texture": "#0"},
				"down": {"uv": [9.5, 11, 10.5, 12], "texture": "#0"}
			}
		},
		{
			"name": "leftLeg",
			"from": [4.1, 6, 3],
			"to": [4.1, 12, 7],
			"shade": false,
			"rotation": {"angle": 0, "axis": "x", "origin": [4.1, 12, 9]},
			"faces": {
				"north": {"uv": [8.5, 14.5, 8.5, 16], "texture": "#0"},
				"east": {"uv": [9.5, 14.5, 8.5, 16], "texture": "#0"},
				"south": {"uv": [9.5, 14.5, 9.5, 16], "texture": "#0"},
				"west": {"uv": [8.5, 14.5, 7.5, 16], "texture": "#0"},
				"up": {"uv": [8.5, 14.5, 8.5, 13.5], "texture": "#0"},
				"down": {"uv": [8.5, 13.5, 8.5, 14.5], "texture": "#0"}
			}
		},
		{
			"name": "leftLeg",
			"from": [4.1, 0, 1],
			"to": [8.1, 4, 5],
			"shade": false,
			"rotation": {"angle": 22.5, "axis": "x", "origin": [8, 0, 9]},
			"faces": {
				"north": {"uv": [13.75, 12.75, 12.75, 13.75], "texture": "#0"},
				"east": {"uv": [14.75, 12.75, 13.75, 13.75], "texture": "#0"},
				"south": {"uv": [15.75, 12.75, 14.75, 13.75], "texture": "#0"},
				"west": {"uv": [12.75, 12.75, 11.75, 13.75], "texture": "#0"},
				"up": {"uv": [12.75, 12.75, 13.75, 11.75], "texture": "#0"},
				"down": {"uv": [13.75, 11.75, 14.75, 12.75], "texture": "#0"}
			}
		},
		{
			"name": "rightLeg",
			"from": [8.4, 0, 7.5],
			"to": [11.4, 6, 10.5],
			"rotation": {"angle": -22.5, "axis": "x", "origin": [8, 0, 9]},
			"faces": {
				"north": {"uv": [12.75, 4.75, 13.5, 6.25], "texture": "#0"},
				"east": {"uv": [12, 4.75, 12.75, 6.25], "texture": "#0"},
				"south": {"uv": [14.25, 4.75, 15, 6.25], "texture": "#0"},
				"west": {"uv": [13.5, 4.75, 14.25, 6.25], "texture": "#0"},
				"up": {"uv": [13.5, 4.75, 12.75, 4], "texture": "#0"},
				"down": {"uv": [14.25, 4, 13.5, 4.75], "texture": "#0"}
			}
		},
		{
			"name": "rightLeg",
			"from": [7.9, 6, 7],
			"to": [11.9, 12, 11],
			"rotation": {"angle": -22.5, "axis": "x", "origin": [8, 0, 9]},
			"faces": {
				"north": {"uv": [8.5, 12, 9.5, 13.5], "texture": "#0"},
				"east": {"uv": [7.5, 12, 8.5, 13.5], "texture": "#0"},
				"south": {"uv": [10.5, 12, 11.5, 13.5], "texture": "#0"},
				"west": {"uv": [9.5, 12, 10.5, 13.5], "texture": "#0"},
				"up": {"uv": [9.5, 12, 8.5, 11], "texture": "#0"},
				"down": {"uv": [10.5, 11, 9.5, 12], "texture": "#0"}
			}
		},
		{
			"name": "rightLeg",
			"from": [11.9, 6, 3],
			"to": [11.9, 12, 7],
			"rotation": {"angle": 0, "axis": "y", "origin": [11.9, 12, 9]},
			"faces": {
				"north": {"uv": [8.5, 14.5, 8.5, 16], "texture": "#0"},
				"east": {"uv": [7.5, 14.5, 8.5, 16], "texture": "#0"},
				"south": {"uv": [9.5, 14.5, 9.5, 16], "texture": "#0"},
				"west": {"uv": [8.5, 14.5, 9.5, 16], "texture": "#0"},
				"up": {"uv": [8.5, 14.5, 8.5, 13.5], "texture": "#0"},
				"down": {"uv": [8.5, 13.5, 8.5, 14.5], "texture": "#0"}
			}
		},
		{
			"name": "rightLeg",
			"from": [7.9, 2, 7],
			"to": [11.9, 6, 11],
			"rotation": {"angle": -22.5, "axis": "x", "origin": [8, 0, 9]},
			"faces": {
				"north": {"uv": [12.75, 12.75, 13.75, 13.75], "texture": "#0"},
				"east": {"uv": [11.75, 12.75, 12.75, 13.75], "texture": "#0"},
				"south": {"uv": [14.75, 12.75, 15.75, 13.75], "texture": "#0"},
				"west": {"uv": [13.75, 12.75, 14.75, 13.75], "texture": "#0"},
				"up": {"uv": [13.75, 12.75, 12.75, 11.75], "texture": "#0"},
				"down": {"uv": [14.75, 11.75, 13.75, 12.75], "texture": "#0"}
			}
		},
		{
			"name": "body",
			"from": [4, 12, 7],
			"to": [12, 24, 11],
			"rotation": {"angle": -22.5, "axis": "x", "origin": [8, 0, 9]},
			"faces": {
				"north": {"uv": [7.75, 7.75, 9.75, 10.75], "texture": "#0"},
				"east": {"uv": [6.75, 7.75, 7.75, 10.75], "texture": "#0"},
				"south": {"uv": [10.75, 7.75, 12.75, 10.75], "texture": "#0"},
				"west": {"uv": [9.75, 7.75, 10.75, 10.75], "texture": "#0"},
				"up": {"uv": [9.75, 7.75, 7.75, 6.75], "texture": "#0"},
				"down": {"uv": [11.75, 6.75, 9.75, 7.75], "texture": "#0"}
			}
		},
		{
			"name": "body",
			"from": [4, 18, -2],
			"to": [12, 22, -2],
			"rotation": {"angle": 22.5, "axis": "x", "origin": [8, 22, -2]},
			"faces": {
				"north": {"uv": [5.5, 4.75, 7.5, 5.75], "texture": "#0"},
				"east": {"uv": [5.5, 4.75, 5.5, 5.75], "texture": "#0"},
				"south": {"uv": [7.5, 4.75, 9.5, 5.75], "texture": "#0"},
				"west": {"uv": [7.5, 4.75, 7.5, 5.75], "texture": "#0"},
				"up": {"uv": [7.5, 4.75, 5.5, 4.75], "texture": "#0"},
				"down": {"uv": [9.5, 4.75, 7.5, 4.75], "texture": "#0"}
			}
		},
		{
			"name": "body",
			"from": [4, 18, 2],
			"to": [12, 22, 2],
			"shade": false,
			"rotation": {"angle": -22.5, "axis": "x", "origin": [8, 22, 2]},
			"faces": {
				"north": {"uv": [7.5, 4.75, 5.5, 5.75], "texture": "#0"},
				"east": {"uv": [7.5, 4.75, 7.5, 5.75], "texture": "#0"},
				"south": {"uv": [9.5, 4.75, 7.5, 5.75], "texture": "#0"},
				"west": {"uv": [5.5, 4.75, 5.5, 5.75], "texture": "#0"},
				"up": {"uv": [5.5, 4.75, 7.5, 4.75], "texture": "#0"},
				"down": {"uv": [7.5, 4.75, 9.5, 4.75], "texture": "#0"}
			}
		},
		{
			"name": "head",
			"from": [4, 22, -4],
			"to": [12, 30, 4],
			"rotation": {"angle": 0, "axis": "y", "origin": [8, -2, 0]},
			"faces": {
				"north": {"uv": [2, 2, 4, 4], "texture": "#0"},
				"east": {"uv": [0, 2, 2, 4], "texture": "#0"},
				"south": {"uv": [6, 2, 8, 4], "texture": "#0"},
				"west": {"uv": [4, 2, 6, 4], "texture": "#0"},
				"up": {"uv": [4, 2, 2, 0], "texture": "#0"},
				"down": {"uv": [6, 0, 4, 2], "texture": "#0"}
			}
		},
		{
			"name": "head",
			"from": [6, 22, 3],
			"to": [10, 24, 5],
			"rotation": {"angle": 0, "axis": "y", "origin": [8, 0, 9]},
			"faces": {
				"north": {"uv": [6.75, 0.5, 7.75, 1], "texture": "#0"},
				"east": {"uv": [6.25, 0.5, 6.75, 1], "texture": "#0"},
				"south": {"uv": [8.25, 0.5, 9.25, 1], "texture": "#0"},
				"west": {"uv": [7.75, 0.5, 8.25, 1], "texture": "#0"},
				"up": {"uv": [7.75, 0.5, 6.75, 0], "texture": "#0"},
				"down": {"uv": [8.75, 0, 7.75, 0.5], "texture": "#0"}
			}
		},
		{
			"name": "head",
			"from": [5, 29, -5],
			"to": [11, 31, 4],
			"rotation": {"angle": 0, "axis": "y", "origin": [8, 0, 9]},
			"faces": {
				"north": {"uv": [2.25, 6.5, 3.75, 7], "texture": "#0"},
				"east": {"uv": [0, 6.5, 2.25, 7], "texture": "#0"},
				"south": {"uv": [6, 6.5, 7.5, 7], "texture": "#0"},
				"west": {"uv": [3.75, 6.5, 6, 7], "texture": "#0"},
				"up": {"uv": [3.75, 6.5, 2.25, 4.25], "texture": "#0"},
				"down": {"uv": [5.25, 4.25, 3.75, 6.5], "texture": "#0"}
			}
		},
		{
			"name": "head",
			"from": [6, 31, -4],
			"to": [10, 32, 5],
			"rotation": {"angle": 0, "axis": "y", "origin": [8, 0, 9]},
			"faces": {
				"north": {"uv": [8.25, 4.25, 9.25, 4.5], "texture": "#0"},
				"east": {"uv": [6, 4.25, 8.25, 4.5], "texture": "#0"},
				"south": {"uv": [11.5, 4.25, 12.5, 4.5], "texture": "#0"},
				"west": {"uv": [9.25, 4.25, 11.5, 4.5], "texture": "#0"},
				"up": {"uv": [9.25, 4.25, 8.25, 2], "texture": "#0"},
				"down": {"uv": [10.25, 2, 9.25, 4.25], "texture": "#0"}
			}
		},
		{
			"name": "head",
			"from": [10, 29, 4],
			"to": [12, 31, 5],
			"rotation": {"angle": 0, "axis": "y", "origin": [8, 0, 9]},
			"faces": {
				"north": {"uv": [0.25, 1.25, 0.75, 1.75], "texture": "#0"},
				"east": {"uv": [0, 1.25, 0.25, 1.75], "texture": "#0"},
				"south": {"uv": [1, 1.25, 1.5, 1.75], "texture": "#0"},
				"west": {"uv": [0.75, 1.25, 1, 1.75], "texture": "#0"},
				"up": {"uv": [0.75, 1.25, 0.25, 1], "texture": "#0"},
				"down": {"uv": [1.25, 1, 0.75, 1.25], "texture": "#0"}
			}
		},
		{
			"name": "head",
			"from": [4, 29, 4],
			"to": [6, 31, 5],
			"shade": false,
			"rotation": {"angle": 0, "axis": "y", "origin": [8, 0, 9]},
			"faces": {
				"north": {"uv": [0.75, 1.25, 0.25, 1.75], "texture": "#0"},
				"east": {"uv": [1, 1.25, 0.75, 1.75], "texture": "#0"},
				"south": {"uv": [1.5, 1.25, 1, 1.75], "texture": "#0"},
				"west": {"uv": [0.25, 1.25, 0, 1.75], "texture": "#0"},
				"up": {"uv": [0.25, 1.25, 0.75, 1], "texture": "#0"},
				"down": {"uv": [0.75, 1, 1.25, 1.25], "texture": "#0"}
			}
		},
		{
			"name": "head",
			"from": [3, 24, -5],
			"to": [5, 30, -3],
			"shade": false,
			"rotation": {"angle": 0, "axis": "y", "origin": [8, 0, 9]},
			"faces": {
				"north": {"uv": [1, 4.75, 0.5, 6.25], "texture": "#0"},
				"east": {"uv": [1.5, 4.75, 1, 6.25], "texture": "#0"},
				"south": {"uv": [2, 4.75, 1.5, 6.25], "texture": "#0"},
				"west": {"uv": [0.5, 4.75, 0, 6.25], "texture": "#0"},
				"up": {"uv": [0.5, 4.75, 1, 4.25], "texture": "#0"},
				"down": {"uv": [1, 4.25, 1.5, 4.75], "texture": "#0"}
			}
		},
		{
			"name": "head",
			"from": [11, 24, -5],
			"to": [13, 30, -3],
			"rotation": {"angle": 0, "axis": "y", "origin": [8, 0, 9]},
			"faces": {
				"north": {"uv": [0.5, 4.75, 1, 6.25], "texture": "#0"},
				"east": {"uv": [0, 4.75, 0.5, 6.25], "texture": "#0"},
				"south": {"uv": [1.5, 4.75, 2, 6.25], "texture": "#0"},
				"west": {"uv": [1, 4.75, 1.5, 6.25], "texture": "#0"},
				"up": {"uv": [1, 4.75, 0.5, 4.25], "texture": "#0"},
				"down": {"uv": [1.5, 4.25, 1, 4.75], "texture": "#0"}
			}
		},
		{
			"name": "head",
			"from": [11, 24, 4],
			"to": [12, 25, 6],
			"rotation": {"angle": 0, "axis": "y", "origin": [8, 0, 9]},
			"faces": {
				"north": {"uv": [0.5, 0.5, 0.75, 0.75], "texture": "#0"},
				"east": {"uv": [0, 0.5, 0.5, 0.75], "texture": "#0"},
				"south": {"uv": [1.25, 0.5, 1.5, 0.75], "texture": "#0"},
				"west": {"uv": [0.75, 0.5, 1.25, 0.75], "texture": "#0"},
				"up": {"uv": [0.75, 0.5, 0.5, 0], "texture": "#0"},
				"down": {"uv": [1, 0, 0.75, 0.5], "texture": "#0"}
			}
		},
		{
			"name": "head",
			"from": [4, 24, 4],
			"to": [5, 25, 6],
			"shade": false,
			"rotation": {"angle": 0, "axis": "y", "origin": [8, 0, 9]},
			"faces": {
				"north": {"uv": [0.75, 0.5, 0.5, 0.75], "texture": "#0"},
				"east": {"uv": [1.25, 0.5, 0.75, 0.75], "texture": "#0"},
				"south": {"uv": [1.5, 0.5, 1.25, 0.75], "texture": "#0"},
				"west": {"uv": [0.5, 0.5, 0, 0.75], "texture": "#0"},
				"up": {"uv": [0.5, 0.5, 0.75, 0], "texture": "#0"},
				"down": {"uv": [0.75, 0, 1, 0.5], "texture": "#0"}
			}
		},
		{
			"name": "head",
			"from": [5, 23, 4],
			"to": [11, 31, 6],
			"rotation": {"angle": 0, "axis": "y", "origin": [8, 0, 9]},
			"faces": {
				"north": {"uv": [11, 0.5, 12.5, 2.5], "texture": "#0"},
				"east": {"uv": [10.5, 0.5, 11, 2.5], "texture": "#0"},
				"south": {"uv": [13, 0.5, 14.5, 2.5], "texture": "#0"},
				"west": {"uv": [12.5, 0.5, 13, 2.5], "texture": "#0"},
				"up": {"uv": [12.5, 0.5, 11, 0], "texture": "#0"},
				"down": {"uv": [14, 0, 12.5, 0.5], "texture": "#0"}
			}
		},
		{
			"name": "leftArm",
			"from": [1, 9, -1],
			"to": [4, 21, 3],
			"shade": false,
			"rotation": {"angle": 0, "axis": "x", "origin": [8, 0, 9]},
			"faces": {
				"north": {"uv": [1.75, 8.25, 1, 11.25], "texture": "#0"},
				"east": {"uv": [2.75, 8.25, 1.75, 11.25], "texture": "#0"},
				"south": {"uv": [3.5, 8.25, 2.75, 11.25], "texture": "#0"},
				"west": {"uv": [1, 8.25, 0, 11.25], "texture": "#0"},
				"up": {"uv": [1, 8.25, 1.75, 7.25], "texture": "#0"},
				"down": {"uv": [1.75, 7.25, 2.5, 8.25], "texture": "#0"}
			}
		},
		{
			"name": "leftArm",
			"from": [0, 15, 4],
			"to": [4, 18, 10],
			"shade": false,
			"rotation": {"angle": -22.5, "axis": "x", "origin": [8, 0, 9]},
			"faces": {
				"north": {"uv": [4.75, 11.5, 3.75, 12.25], "texture": "#0"},
				"east": {"uv": [6.25, 11.5, 4.75, 12.25], "texture": "#0"},
				"south": {"uv": [7.25, 11.5, 6.25, 12.25], "texture": "#0"},
				"west": {"uv": [3.75, 11.5, 2.25, 12.25], "texture": "#0"},
				"up": {"uv": [3.75, 11.5, 4.75, 10], "texture": "#0"},
				"down": {"uv": [4.75, 10, 5.75, 11.5], "texture": "#0"}
			}
		},
		{
			"name": "rightArm",
			"from": [12, 4, -8],
			"to": [15, 16, -4],
			"rotation": {"angle": 22.5, "axis": "x", "origin": [8, 0, 9]},
			"faces": {
				"north": {"uv": [1, 8.25, 1.75, 11.25], "texture": "#0"},
				"east": {"uv": [0, 8.25, 1, 11.25], "texture": "#0"},
				"south": {"uv": [2.75, 8.25, 3.5, 11.25], "texture": "#0"},
				"west": {"uv": [1.75, 8.25, 2.75, 11.25], "texture": "#0"},
				"up": {"uv": [1.75, 8.25, 1, 7.25], "texture": "#0"},
				"down": {"uv": [2.5, 7.25, 1.75, 8.25], "texture": "#0"}
			}
		},
		{
			"name": "rightArm",
			"from": [12, 6, -9],
			"to": [16, 9, -3],
			"rotation": {"angle": 22.5, "axis": "x", "origin": [8, 0, 9]},
			"faces": {
				"north": {"uv": [3.75, 11.5, 4.75, 12.25], "texture": "#0"},
				"east": {"uv": [2.25, 11.5, 3.75, 12.25], "texture": "#0"},
				"south": {"uv": [6.25, 11.5, 7.25, 12.25], "texture": "#0"},
				"west": {"uv": [4.75, 11.5, 6.25, 12.25], "texture": "#0"},
				"up": {"uv": [4.75, 11.5, 3.75, 10], "texture": "#0"},
				"down": {"uv": [5.75, 10, 4.75, 11.5], "texture": "#0"}
			}
		},
		{
			"name": "scythe",
			"from": [1.5, 12.5, -1],
			"to": [3.5, 14.5, 3],
			"rotation": {"angle": -22.5, "axis": "x", "origin": [8, 0, 9]},
			"faces": {
				"north": {"uv": [5, 15, 5.5, 15.5], "texture": "#0"},
				"east": {"uv": [4, 15, 5, 15.5], "texture": "#0"},
				"south": {"uv": [6.5, 15, 7, 15.5], "texture": "#0"},
				"west": {"uv": [5.5, 15, 6.5, 15.5], "texture": "#0"},
				"up": {"uv": [5.5, 15, 5, 14], "texture": "#0"},
				"down": {"uv": [6, 14, 5.5, 15], "texture": "#0"}
			}
		},
		{
			"name": "scythe",
			"from": [2.5, 6.5, 0],
			"to": [2.5, 17.5, 5],
			"rotation": {"angle": -22.5, "axis": "x", "origin": [8, 0, 9]},
			"faces": {
				"north": {"uv": [14.25, 7.75, 14.25, 10.5], "texture": "#0"},
				"east": {"uv": [13, 7.75, 14.25, 10.5], "texture": "#0"},
				"south": {"uv": [15.5, 7.75, 15.5, 10.5], "texture": "#0"},
				"west": {"uv": [14.25, 7.75, 15.5, 10.5], "texture": "#0"},
				"up": {"uv": [14.25, 7.75, 14.25, 6.5], "texture": "#0"},
				"down": {"uv": [14.25, 6.5, 14.25, 7.75], "texture": "#0"}
			}
		},
		{
			"name": "scythe",
			"from": [2, 13, 3],
			"to": [3, 14, 17],
			"rotation": {"angle": -22.5, "axis": "x", "origin": [8, 0, 9]},
			"faces": {
				"north": {"uv": [3.5, 15.75, 3.75, 16], "texture": "#0"},
				"east": {"uv": [0, 15.75, 3.5, 16], "texture": "#0"},
				"south": {"uv": [7.25, 15.75, 7.5, 16], "texture": "#0"},
				"west": {"uv": [3.75, 15.75, 7.25, 16], "texture": "#0"},
				"up": {"uv": [3.75, 15.75, 3.5, 12.25], "texture": "#0"},
				"down": {"uv": [4, 12.25, 3.75, 15.75], "texture": "#0"}
			}
		}
	],
	"display": {
		"head": {
			"translation": [-0.5, -22.5, 13],
			"scale": [2.5, 2.5, 2.5]
		}
	},
	"groups": [
		{
			"name": "root",
			"origin": [0, 0, 0],
			"color": 0,
			"children": [
				{
					"name": "leftLeg",
					"origin": [-1.9, 12, 0],
					"color": 1,
					"children": [0, 1, 2, 3]
				},
				{
					"name": "rightLeg",
					"origin": [1.9, 12, 0],
					"color": 2,
					"children": [4, 5, 6, 7]
				},
				{
					"name": "waist",
					"origin": [0, 12, 0],
					"color": 3,
					"children": [
						{
							"name": "body",
							"origin": [0, 24, 0],
							"color": 4,
							"children": [
								8,
								9,
								10,
								{
									"name": "head",
									"origin": [0, 24, 0],
									"color": 5,
									"children": [11, 12, 13, 14, 15, 16, 17, 18, 19, 20, 21]
								},
								{
									"name": "leftArm",
									"origin": [-5, 21.5, 0],
									"color": 6,
									"children": [22, 23]
								},
								{
									"name": "rightArm",
									"origin": [5, 21.5, 0],
									"color": 7,
									"children": [
										24,
										25,
										{
											"name": "scythe",
											"origin": [-6, 14, 0],
											"color": 8,
											"children": [26, 27, 28]
										}
									]
								}
							]
						}
					]
				}
			]
		}
	]
}