{
	"credit": "Made with Blockbench",
	"texture_size": [64, 64],
	"textures": {
		"0": "item/models/hub/duels/duels"
	},
	"elements": [
		{
			"name": "rightLeg",
			"from": [7.9, 2, 1],
			"to": [11.9, 14, 5],
			"rotation": {"angle": 22.5, "axis": "x", "origin": [8, 0, 9]},
			"faces": {
				"north": {"uv": [13, 5, 14, 8], "texture": "#0"},
				"east": {"uv": [12, 5, 13, 8], "texture": "#0"},
				"south": {"uv": [15, 5, 16, 8], "texture": "#0"},
				"west": {"uv": [14, 5, 15, 8], "texture": "#0"},
				"up": {"uv": [14, 5, 13, 4], "texture": "#0"},
				"down": {"uv": [15, 4, 14, 5], "texture": "#0"}
			}
		},
		{
			"name": "rightLeg",
			"from": [7.9, 6, 0.5],
			"to": [12.9, 8, 5.5],
			"rotation": {"angle": 22.5, "axis": "x", "origin": [8, 0, 9]},
			"faces": {
				"north": {"uv": [12.25, 9.25, 13.5, 9.75], "texture": "#0"},
				"east": {"uv": [11, 9.25, 12.25, 9.75], "texture": "#0"},
				"south": {"uv": [14.75, 9.25, 16, 9.75], "texture": "#0"},
				"west": {"uv": [13.5, 9.25, 14.75, 9.75], "texture": "#0"},
				"up": {"uv": [13.5, 9.25, 12.25, 8], "texture": "#0"},
				"down": {"uv": [14.75, 8, 13.5, 9.25], "texture": "#0"}
			}
		},
		{
			"name": "rightLeg",
			"from": [7.9, 2, 0],
			"to": [11.9, 5, 1],
			"rotation": {"angle": 22.5, "axis": "x", "origin": [8, 0, 9]},
			"faces": {
				"north": {"uv": [12.25, 12.25, 13.25, 13], "texture": "#0"},
				"east": {"uv": [12, 12.25, 12.25, 13], "texture": "#0"},
				"south": {"uv": [13.5, 12.25, 14.5, 13], "texture": "#0"},
				"west": {"uv": [13.25, 12.25, 13.5, 13], "texture": "#0"},
				"up": {"uv": [13.25, 12.25, 12.25, 12], "texture": "#0"},
				"down": {"uv": [14.25, 12, 13.25, 12.25], "texture": "#0"}
			}
		},
		{
			"name": "leftLeg",
			"from": [4.1, 2, 11],
			"to": [8.1, 14, 15],
			"rotation": {"angle": -22.5, "axis": "x", "origin": [8, 0, 9]},
			"faces": {
				"north": {"uv": [14, 5, 13, 8], "texture": "#0"},
				"east": {"uv": [15, 5, 14, 8], "texture": "#0"},
				"south": {"uv": [16, 5, 15, 8], "texture": "#0"},
				"west": {"uv": [13, 5, 12, 8], "texture": "#0"},
				"up": {"uv": [13, 5, 14, 4], "texture": "#0"},
				"down": {"uv": [14, 4, 15, 5], "texture": "#0"}
			}
		},
		{
			"name": "leftLeg",
			"from": [4.1, 2, 10],
			"to": [8.1, 5, 11],
			"rotation": {"angle": -22.5, "axis": "x", "origin": [8, 0, 9]},
			"faces": {
				"north": {"uv": [13.25, 12.25, 12.25, 13], "texture": "#0"},
				"east": {"uv": [13.5, 12.25, 13.25, 13], "texture": "#0"},
				"south": {"uv": [14.5, 12.25, 13.5, 13], "texture": "#0"},
				"west": {"uv": [12.25, 12.25, 12, 13], "texture": "#0"},
				"up": {"uv": [12.25, 12.25, 13.25, 12], "texture": "#0"},
				"down": {"uv": [13.25, 12, 14.25, 12.25], "texture": "#0"}
			}
		},
		{
			"name": "leftLeg",
			"from": [3.1, 6, 10.5],
			"to": [8.1, 8, 15.5],
			"rotation": {"angle": -22.5, "axis": "x", "origin": [8, 0, 9]},
			"faces": {
				"north": {"uv": [13.5, 9.25, 12.25, 9.75], "texture": "#0"},
				"east": {"uv": [14.75, 9.25, 13.5, 9.75], "texture": "#0"},
				"south": {"uv": [16, 9.25, 14.75, 9.75], "texture": "#0"},
				"west": {"uv": [12.25, 9.25, 11, 9.75], "texture": "#0"},
				"up": {"uv": [12.25, 9.25, 13.5, 8], "texture": "#0"},
				"down": {"uv": [13.5, 8, 14.75, 9.25], "texture": "#0"}
			}
		},
		{
			"name": "body",
			"from": [4, 12, 11],
			"to": [12, 24, 15],
			"rotation": {"angle": -22.5, "axis": "x", "origin": [8, 0, 9]},
			"faces": {
				"north": {"uv": [1, 1, 3, 4], "texture": "#0"},
				"east": {"uv": [0, 1, 1, 4], "texture": "#0"},
				"south": {"uv": [4, 1, 6, 4], "texture": "#0"},
				"west": {"uv": [3, 1, 4, 4], "texture": "#0"},
				"up": {"uv": [3, 1, 1, 0], "texture": "#0"},
				"down": {"uv": [5, 0, 3, 1], "texture": "#0"}
			}
		},
		{
			"name": "head",
			"from": [4, 23, 1],
			"to": [12, 31, 9],
			"rotation": {"angle": 0, "axis": "x", "origin": [8, -1, 2]},
			"faces": {
				"north": {"uv": [2, 6, 4, 8], "texture": "#0"},
				"east": {"uv": [0, 6, 2, 8], "texture": "#0"},
				"south": {"uv": [6, 6, 8, 8], "texture": "#0"},
				"west": {"uv": [4, 6, 6, 8], "texture": "#0"},
				"up": {"uv": [4, 6, 2, 4], "texture": "#0"},
				"down": {"uv": [6, 4, 4, 6], "texture": "#0"}
			}
		},
		{
			"name": "head",
			"from": [5, 24, 9],
			"to": [11, 29, 9],
			"rotation": {"angle": -22.5, "axis": "x", "origin": [8, 29, 6]},
			"faces": {
				"north": {"uv": [0, 13.5, 1.5, 14.75], "texture": "#0"},
				"east": {"uv": [0, 13.5, 0, 14.75], "texture": "#0"},
				"south": {"uv": [1.5, 13.5, 3, 14.75], "texture": "#0"},
				"west": {"uv": [1.5, 13.5, 1.5, 14.75], "texture": "#0"},
				"up": {"uv": [1.5, 13.5, 0, 13.5], "texture": "#0"},
				"down": {"uv": [3, 13.5, 1.5, 13.5], "texture": "#0"}
			}
		},
		{
			"name": "head",
			"from": [3, 22, 7],
			"to": [13, 25, 10],
			"rotation": {"angle": 0, "axis": "y", "origin": [8, -1, 2]},
			"faces": {
				"north": {"uv": [0.75, 10.5, 3.25, 11.25], "texture": "#0"},
				"east": {"uv": [0, 10.5, 0.75, 11.25], "texture": "#0"},
				"south": {"uv": [4, 10.5, 6.5, 11.25], "texture": "#0"},
				"west": {"uv": [3.25, 10.5, 4, 11.25], "texture": "#0"},
				"up": {"uv": [3.25, 10.5, 0.75, 9.75], "texture": "#0"},
				"down": {"uv": [5.75, 9.75, 3.25, 10.5], "texture": "#0"}
			}
		},
		{
			"name": "head",
			"from": [5, 28, 0],
			"to": [11, 31, 4],
			"rotation": {"angle": 0, "axis": "y", "origin": [8, -1, 2]},
			"faces": {
				"north": {"uv": [1, 9, 2.5, 9.75], "texture": "#0"},
				"east": {"uv": [0, 9, 1, 9.75], "texture": "#0"},
				"south": {"uv": [3.5, 9, 5, 9.75], "texture": "#0"},
				"west": {"uv": [2.5, 9, 3.5, 9.75], "texture": "#0"},
				"up": {"uv": [2.5, 9, 1, 8], "texture": "#0"},
				"down": {"uv": [4, 8, 2.5, 9], "texture": "#0"}
			}
		},
		{
			"name": "leftArm",
			"from": [0, 19, 3],
			"to": [4, 22, 9],
			"rotation": {"angle": 0, "axis": "x", "origin": [8, 0, 9]},
			"faces": {
				"north": {"uv": [2.5, 12.75, 1.5, 13.5], "texture": "#0"},
				"east": {"uv": [4, 12.75, 2.5, 13.5], "texture": "#0"},
				"south": {"uv": [5, 12.75, 4, 13.5], "texture": "#0"},
				"west": {"uv": [1.5, 12.75, 0, 13.5], "texture": "#0"},
				"up": {"uv": [1.5, 12.75, 2.5, 11.25], "texture": "#0"},
				"down": {"uv": [2.5, 11.25, 3.5, 12.75], "texture": "#0"}
			}
		},
		{
			"name": "leftArm",
			"from": [1, 9, 4],
			"to": [4, 21, 8],
			"rotation": {"angle": 0, "axis": "x", "origin": [8, 0, 9]},
			"faces": {
				"north": {"uv": [9.75, 5, 9, 8], "texture": "#0"},
				"east": {"uv": [10.75, 5, 9.75, 8], "texture": "#0"},
				"south": {"uv": [11.5, 5, 10.75, 8], "texture": "#0"},
				"west": {"uv": [9, 5, 8, 8], "texture": "#0"},
				"up": {"uv": [9, 5, 9.75, 4], "texture": "#0"},
				"down": {"uv": [9.75, 4, 10.5, 5], "texture": "#0"}
			}
		},
		{
			"name": "rightArm",
			"from": [12, 11, -10],
			"to": [15, 23, -6],
			"rotation": {"angle": 45, "axis": "x", "origin": [8, 3, -6]},
			"faces": {
				"north": {"uv": [9, 5, 9.75, 8], "texture": "#0"},
				"east": {"uv": [8, 5, 9, 8], "texture": "#0"},
				"south": {"uv": [10.75, 5, 11.5, 8], "texture": "#0"},
				"west": {"uv": [9.75, 5, 10.75, 8], "texture": "#0"},
				"up": {"uv": [9.75, 5, 9, 4], "texture": "#0"},
				"down": {"uv": [10.5, 4, 9.75, 5], "texture": "#0"}
			}
		},
		{
			"name": "rightArm",
			"from": [12, 21, -11],
			"to": [16, 24, -5],
			"rotation": {"angle": 45, "axis": "x", "origin": [8, 3, -6]},
			"faces": {
				"north": {"uv": [1.5, 12.75, 2.5, 13.5], "texture": "#0"},
				"east": {"uv": [0, 12.75, 1.5, 13.5], "texture": "#0"},
				"south": {"uv": [4, 12.75, 5, 13.5], "texture": "#0"},
				"west": {"uv": [2.5, 12.75, 4, 13.5], "texture": "#0"},
				"up": {"uv": [2.5, 12.75, 1.5, 11.25], "texture": "#0"},
				"down": {"uv": [3.5, 11.25, 2.5, 12.75], "texture": "#0"}
			}
		},
		{
			"name": "rightArm",
			"from": [13, 13, -11],
			"to": [14, 14, 3],
			"rotation": {"angle": 22.5, "axis": "x", "origin": [8, 3, -6]},
			"faces": {
				"north": {"uv": [9.75, 3.5, 10, 3.75], "texture": "#0"},
				"east": {"uv": [6.25, 3.5, 9.75, 3.75], "texture": "#0"},
				"south": {"uv": [13.5, 3.5, 13.75, 3.75], "texture": "#0"},
				"west": {"uv": [10, 3.5, 13.5, 3.75], "texture": "#0"},
				"up": {"uv": [10, 3.5, 9.75, 0], "texture": "#0"},
				"down": {"uv": [10.25, 0, 10, 3.5], "texture": "#0"}
			}
		},
		{
			"name": "rightArm",
			"from": [13.5, 12, -16],
			"to": [13.5, 15, -11],
			"rotation": {"angle": 22.5, "axis": "x", "origin": [8, 3, -6]},
			"faces": {
				"north": {"uv": [14.75, 1.25, 14.75, 2], "texture": "#0"},
				"east": {"uv": [13.5, 1.25, 14.75, 2], "texture": "#0"},
				"south": {"uv": [16, 1.25, 16, 2], "texture": "#0"},
				"west": {"uv": [14.75, 1.25, 16, 2], "texture": "#0"},
				"up": {"uv": [14.75, 1.25, 14.75, 0], "texture": "#0"},
				"down": {"uv": [14.75, 0, 14.75, 1.25], "texture": "#0"}
			}
		},
		{
			"name": "rightArm",
			"from": [12.5, 12.5, -10],
			"to": [14.5, 14.5, -9],
			"rotation": {"angle": 22.5, "axis": "x", "origin": [8, 3, -6]},
			"faces": {
				"north": {"uv": [6.5, 2.75, 7, 3.25], "texture": "#0"},
				"east": {"uv": [6.25, 2.75, 6.5, 3.25], "texture": "#0"},
				"south": {"uv": [7.25, 2.75, 7.75, 3.25], "texture": "#0"},
				"west": {"uv": [7, 2.75, 7.25, 3.25], "texture": "#0"},
				"up": {"uv": [7, 2.75, 6.5, 2.5], "texture": "#0"},
				"down": {"uv": [7.5, 2.5, 7, 2.75], "texture": "#0"}
			}
		},
		{
			"name": "rightArm",
			"from": [12.5, 12.5, 0],
			"to": [14.5, 14.5, 2],
			"rotation": {"angle": 22.5, "axis": "x", "origin": [8, 3, -6]},
			"faces": {
				"north": {"uv": [8, 0.5, 8.5, 1], "texture": "#0"},
				"east": {"uv": [7.5, 0.5, 8, 1], "texture": "#0"},
				"south": {"uv": [9, 0.5, 9.5, 1], "texture": "#0"},
				"west": {"uv": [8.5, 0.5, 9, 1], "texture": "#0"},
				"up": {"uv": [8.5, 0.5, 8, 0], "texture": "#0"},
				"down": {"uv": [9, 0, 8.5, 0.5], "texture": "#0"}
			}
		}
	],
	"display": {
		"head": {
			"translation": [0, -28.75, 0],
			"scale": [2.5, 2.5, 2.5]
		}
	},
	"groups": [
		{
			"name": "root",
			"origin": [0, 0, 0],
			"color": 0,
			"children": [
				{
					"name": "rightLeg",
					"origin": [1.9, 12, 0],
					"color": 1,
					"children": [0, 1, 2]
				},
				{
					"name": "leftLeg",
					"origin": [-1.9, 12, 0],
					"color": 2,
					"children": [3, 4, 5]
				},
				{
					"name": "waist",
					"origin": [0, 12, 0],
					"color": 3,
					"children": [
						{
							"name": "body",
							"origin": [0, 24, 0],
							"color": 4,
							"children": [
								6,
								{
									"name": "head",
									"origin": [0, 24, 0],
									"color": 5,
									"children": [7, 8, 9, 10]
								},
								{
									"name": "leftArm",
									"origin": [-5, 22, 0],
									"color": 6,
									"children": [11, 12]
								},
								{
									"name": "rightArm",
									"origin": [5, 22, 0],
									"color": 7,
									"children": [13, 14, 15, 16, 17, 18]
								}
							]
						}
					]
				}
			]
		}
	]
}