{
	"credit": "Made with Blockbench",
	"texture_size": [64, 64],
	"textures": {
		"0": "item/models/hub/ffa/ffa"
	},
	"elements": [
		{
			"name": "leftleg",
			"from": [3.1, 0, 2],
			"to": [7.1, 12, 6],
			"rotation": {"angle": 22.5, "axis": "x", "origin": [0, 0, 0]},
			"faces": {
				"north": {"uv": [14, 5, 13, 8], "texture": "#0"},
				"east": {"uv": [15, 5, 14, 8], "texture": "#0"},
				"south": {"uv": [16, 5, 15, 8], "texture": "#0"},
				"west": {"uv": [13, 5, 12, 8], "texture": "#0"},
				"up": {"uv": [13, 5, 14, 4], "texture": "#0"},
				"down": {"uv": [14, 4, 15, 5], "texture": "#0"}
			}
		},
		{
			"name": "leftleg",
			"from": [3.1, 0, 1],
			"to": [7.1, 3, 2],
			"rotation": {"angle": 22.5, "axis": "x", "origin": [0, 0, 0]},
			"faces": {
				"north": {"uv": [14, 12.75, 13, 13.5], "texture": "#0"},
				"east": {"uv": [14.25, 12.75, 14, 13.5], "texture": "#0"},
				"south": {"uv": [15.25, 12.75, 14.25, 13.5], "texture": "#0"},
				"west": {"uv": [13, 12.75, 12.75, 13.5], "texture": "#0"},
				"up": {"uv": [13, 12.75, 14, 12.5], "texture": "#0"},
				"down": {"uv": [14, 12.5, 15, 12.75], "texture": "#0"}
			}
		},
		{
			"name": "leftleg",
			"from": [2.6, 4, 1.5],
			"to": [7.6, 6, 6.5],
			"rotation": {"angle": 22.5, "axis": "x", "origin": [0, 0, 0]},
			"faces": {
				"north": {"uv": [13.5, 11.75, 12.25, 12.25], "texture": "#0"},
				"east": {"uv": [14.75, 11.75, 13.5, 12.25], "texture": "#0"},
				"south": {"uv": [16, 11.75, 14.75, 12.25], "texture": "#0"},
				"west": {"uv": [12.25, 11.75, 11, 12.25], "texture": "#0"},
				"up": {"uv": [12.25, 11.75, 13.5, 10.5], "texture": "#0"},
				"down": {"uv": [13.5, 10.5, 14.75, 11.75], "texture": "#0"}
			}
		},
		{
			"name": "rightleg",
			"from": [6.9, -3, 6],
			"to": [10.9, 9, 10],
			"faces": {
				"north": {"uv": [13, 5, 14, 8], "texture": "#0"},
				"east": {"uv": [12, 5, 13, 8], "texture": "#0"},
				"south": {"uv": [15, 5, 16, 8], "texture": "#0"},
				"west": {"uv": [14, 5, 15, 8], "texture": "#0"},
				"up": {"uv": [14, 5, 13, 4], "texture": "#0"},
				"down": {"uv": [15, 4, 14, 5], "texture": "#0"}
			}
		},
		{
			"name": "rightleg",
			"from": [6.9, -3, 5],
			"to": [10.9, 0, 6],
			"faces": {
				"north": {"uv": [13, 12.75, 14, 13.5], "texture": "#0"},
				"east": {"uv": [12.75, 12.75, 13, 13.5], "texture": "#0"},
				"south": {"uv": [14.25, 12.75, 15.25, 13.5], "texture": "#0"},
				"west": {"uv": [14, 12.75, 14.25, 13.5], "texture": "#0"},
				"up": {"uv": [14, 12.75, 13, 12.5], "texture": "#0"},
				"down": {"uv": [15, 12.5, 14, 12.75], "texture": "#0"}
			}
		},
		{
			"name": "rightleg",
			"from": [6.4, 1, 5.5],
			"to": [11.4, 3, 10.5],
			"faces": {
				"north": {"uv": [12.25, 11.75, 13.5, 12.25], "texture": "#0"},
				"east": {"uv": [11, 11.75, 12.25, 12.25], "texture": "#0"},
				"south": {"uv": [14.75, 11.75, 16, 12.25], "texture": "#0"},
				"west": {"uv": [13.5, 11.75, 14.75, 12.25], "texture": "#0"},
				"up": {"uv": [13.5, 11.75, 12.25, 10.5], "texture": "#0"},
				"down": {"uv": [14.75, 10.5, 13.5, 11.75], "texture": "#0"}
			}
		},
		{
			"name": "body",
			"from": [3, 11, 2],
			"to": [11, 23, 6],
			"rotation": {"angle": 22.5, "axis": "x", "origin": [0, 0, 0]},
			"faces": {
				"north": {"uv": [1, 1, 3, 4], "texture": "#0"},
				"east": {"uv": [0, 1, 1, 4], "texture": "#0"},
				"south": {"uv": [4, 1, 6, 4], "texture": "#0"},
				"west": {"uv": [3, 1, 4, 4], "texture": "#0"},
				"up": {"uv": [3, 1, 1, 0], "texture": "#0"},
				"down": {"uv": [5, 0, 3, 1], "texture": "#0"}
			}
		},
		{
			"name": "body",
			"from": [3, 18, 1],
			"to": [11, 22, 2],
			"rotation": {"angle": 22.5, "axis": "x", "origin": [0, 0, 0]},
			"faces": {
				"north": {"uv": [6.25, 0.25, 8.25, 1.25], "texture": "#0"},
				"east": {"uv": [6, 0.25, 6.25, 1.25], "texture": "#0"},
				"south": {"uv": [8.5, 0.25, 10.5, 1.25], "texture": "#0"},
				"west": {"uv": [8.25, 0.25, 8.5, 1.25], "texture": "#0"},
				"up": {"uv": [8.25, 0.25, 6.25, 0], "texture": "#0"},
				"down": {"uv": [10.25, 0, 8.25, 0.25], "texture": "#0"}
			}
		},
		{
			"name": "body",
			"from": [5.5, 9, 6],
			"to": [8.5, 11, 7],
			"faces": {
				"north": {"uv": [6.25, 5.25, 7, 5.75], "texture": "#0"},
				"east": {"uv": [6, 5.25, 6.25, 5.75], "texture": "#0"},
				"south": {"uv": [7.25, 5.25, 8, 5.75], "texture": "#0"},
				"west": {"uv": [7, 5.25, 7.25, 5.75], "texture": "#0"},
				"up": {"uv": [7, 5.25, 6.25, 5], "texture": "#0"},
				"down": {"uv": [7.75, 5, 7, 5.25], "texture": "#0"}
			}
		},
		{
			"name": "leftwing",
			"from": [4, 12, 11],
			"to": [5, 21, 14],
			"faces": {
				"north": {"uv": [7, 2.25, 6.75, 4.5], "texture": "#0"},
				"east": {"uv": [7.75, 2.25, 7, 4.5], "texture": "#0"},
				"south": {"uv": [8, 2.25, 7.75, 4.5], "texture": "#0"},
				"west": {"uv": [6.75, 2.25, 6, 4.5], "texture": "#0"},
				"up": {"uv": [6.75, 2.25, 7, 1.5], "texture": "#0"},
				"down": {"uv": [7, 1.5, 7.25, 2.25], "texture": "#0"}
			}
		},
		{
			"name": "leftwing",
			"from": [1, 13, 14],
			"to": [4, 23, 15],
			"faces": {
				"north": {"uv": [9.25, 1.5, 8.5, 4], "texture": "#0"},
				"east": {"uv": [9.5, 1.5, 9.25, 4], "texture": "#0"},
				"south": {"uv": [10.25, 1.5, 9.5, 4], "texture": "#0"},
				"west": {"uv": [8.5, 1.5, 8.25, 4], "texture": "#0"},
				"up": {"uv": [8.5, 1.5, 9.25, 1.25], "texture": "#0"},
				"down": {"uv": [9.25, 1.25, 10, 1.5], "texture": "#0"}
			}
		},
		{
			"name": "leftwing",
			"from": [-9, 13, 15],
			"to": [1, 24, 15],
			"faces": {
				"north": {"uv": [13.5, 1, 11, 3.75], "texture": "#0"},
				"east": {"uv": [13.5, 1, 13.5, 3.75], "texture": "#0"},
				"south": {"uv": [16, 1, 13.5, 3.75], "texture": "#0"},
				"west": {"uv": [11, 1, 11, 3.75], "texture": "#0"},
				"up": {"uv": [11, 1, 13.5, 1], "texture": "#0"},
				"down": {"uv": [13.5, 1, 16, 1], "texture": "#0"}
			}
		},
		{
			"name": "rightwing",
			"from": [9, 12, 13],
			"to": [10, 21, 16],
			"faces": {
				"north": {"uv": [6.75, 2.25, 7, 4.5], "texture": "#0"},
				"east": {"uv": [6, 2.25, 6.75, 4.5], "texture": "#0"},
				"south": {"uv": [7.75, 2.25, 8, 4.5], "texture": "#0"},
				"west": {"uv": [7, 2.25, 7.75, 4.5], "texture": "#0"},
				"up": {"uv": [7, 2.25, 6.75, 1.5], "texture": "#0"},
				"down": {"uv": [7.25, 1.5, 7, 2.25], "texture": "#0"}
			}
		},
		{
			"name": "rightwing",
			"from": [10, 13, 16],
			"to": [13, 23, 17],
			"faces": {
				"north": {"uv": [8.5, 1.5, 9.25, 4], "texture": "#0"},
				"east": {"uv": [8.25, 1.5, 8.5, 4], "texture": "#0"},
				"south": {"uv": [9.5, 1.5, 10.25, 4], "texture": "#0"},
				"west": {"uv": [9.25, 1.5, 9.5, 4], "texture": "#0"},
				"up": {"uv": [9.25, 1.5, 8.5, 1.25], "texture": "#0"},
				"down": {"uv": [10, 1.25, 9.25, 1.5], "texture": "#0"}
			}
		},
		{
			"name": "rightwing",
			"from": [13, 13, 15],
			"to": [23, 24, 15],
			"faces": {
				"north": {"uv": [11, 1, 13.5, 3.75], "texture": "#0"},
				"east": {"uv": [11, 1, 11, 3.75], "texture": "#0"},
				"south": {"uv": [13.5, 1, 16, 3.75], "texture": "#0"},
				"west": {"uv": [13.5, 1, 13.5, 3.75], "texture": "#0"},
				"up": {"uv": [13.5, 1, 11, 1], "texture": "#0"},
				"down": {"uv": [16, 1, 13.5, 1], "texture": "#0"}
			}
		},
		{
			"name": "head",
			"from": [3, 20, 7],
			"to": [11, 28, 15],
			"faces": {
				"north": {"uv": [2, 6, 4, 8], "texture": "#0"},
				"east": {"uv": [0, 6, 2, 8], "texture": "#0"},
				"south": {"uv": [6, 6, 8, 8], "texture": "#0"},
				"west": {"uv": [4, 6, 6, 8], "texture": "#0"},
				"up": {"uv": [4, 6, 2, 4], "texture": "#0"},
				"down": {"uv": [6, 4, 4, 6], "texture": "#0"}
			}
		},
		{
			"name": "head",
			"from": [2, 25, 6],
			"to": [12, 28, 8],
			"faces": {
				"north": {"uv": [0.5, 8.5, 3, 9.25], "texture": "#0"},
				"east": {"uv": [0, 8.5, 0.5, 9.25], "texture": "#0"},
				"south": {"uv": [3.5, 8.5, 6, 9.25], "texture": "#0"},
				"west": {"uv": [3, 8.5, 3.5, 9.25], "texture": "#0"},
				"up": {"uv": [3, 8.5, 0.5, 8], "texture": "#0"},
				"down": {"uv": [5.5, 8, 3, 8.5], "texture": "#0"}
			}
		},
		{
			"name": "head",
			"from": [6, 23, 6],
			"to": [8, 26, 7],
			"faces": {
				"north": {"uv": [0.25, 9.5, 0.75, 10.25], "texture": "#0"},
				"east": {"uv": [0, 9.5, 0.25, 10.25], "texture": "#0"},
				"south": {"uv": [1, 9.5, 1.5, 10.25], "texture": "#0"},
				"west": {"uv": [0.75, 9.5, 1, 10.25], "texture": "#0"},
				"up": {"uv": [0.75, 9.5, 0.25, 9.25], "texture": "#0"},
				"down": {"uv": [1.25, 9.25, 0.75, 9.5], "texture": "#0"}
			}
		},
		{
			"name": "head",
			"from": [2, 20, 8],
			"to": [12, 28, 16],
			"faces": {
				"north": {"uv": [2, 14, 4.5, 16], "texture": "#0"},
				"east": {"uv": [0, 14, 2, 16], "texture": "#0"},
				"south": {"uv": [6.5, 14, 9, 16], "texture": "#0"},
				"west": {"uv": [4.5, 14, 6.5, 16], "texture": "#0"},
				"up": {"uv": [4.5, 14, 2, 12], "texture": "#0"},
				"down": {"uv": [7, 12, 4.5, 14], "texture": "#0"}
			}
		},
		{
			"name": "head",
			"from": [6, 28, 7],
			"to": [8, 31, 16],
			"faces": {
				"north": {"uv": [11.5, 15.25, 12, 16], "texture": "#0"},
				"east": {"uv": [9.25, 15.25, 11.5, 16], "texture": "#0"},
				"south": {"uv": [14.25, 15.25, 14.75, 16], "texture": "#0"},
				"west": {"uv": [12, 15.25, 14.25, 16], "texture": "#0"},
				"up": {"uv": [12, 15.25, 11.5, 13], "texture": "#0"},
				"down": {"uv": [12.5, 13, 12, 15.25], "texture": "#0"}
			}
		},
		{
			"name": "head",
			"from": [6, 21, 16],
			"to": [8, 31, 18],
			"faces": {
				"north": {"uv": [9.75, 12.5, 10.25, 15], "texture": "#0"},
				"east": {"uv": [9.25, 12.5, 9.75, 15], "texture": "#0"},
				"south": {"uv": [10.75, 12.5, 11.25, 15], "texture": "#0"},
				"west": {"uv": [10.25, 12.5, 10.75, 15], "texture": "#0"},
				"up": {"uv": [10.25, 12.5, 9.75, 12], "texture": "#0"},
				"down": {"uv": [10.75, 12, 10.25, 12.5], "texture": "#0"}
			}
		},
		{
			"name": "head",
			"from": [10, 19, 6],
			"to": [12, 22, 10],
			"faces": {
				"north": {"uv": [1, 11.25, 1.5, 12], "texture": "#0"},
				"east": {"uv": [0, 11.25, 1, 12], "texture": "#0"},
				"south": {"uv": [2.5, 11.25, 3, 12], "texture": "#0"},
				"west": {"uv": [1.5, 11.25, 2.5, 12], "texture": "#0"},
				"up": {"uv": [1.5, 11.25, 1, 10.25], "texture": "#0"},
				"down": {"uv": [2, 10.25, 1.5, 11.25], "texture": "#0"}
			}
		},
		{
			"name": "head",
			"from": [9, 18, 6],
			"to": [10, 21, 8],
			"faces": {
				"north": {"uv": [3.75, 11.25, 4, 12], "texture": "#0"},
				"east": {"uv": [3.25, 11.25, 3.75, 12], "texture": "#0"},
				"south": {"uv": [4.5, 11.25, 4.75, 12], "texture": "#0"},
				"west": {"uv": [4, 11.25, 4.5, 12], "texture": "#0"},
				"up": {"uv": [4, 11.25, 3.75, 10.75], "texture": "#0"},
				"down": {"uv": [4.25, 10.75, 4, 11.25], "texture": "#0"}
			}
		},
		{
			"name": "head",
			"from": [4, 18, 6],
			"to": [5, 21, 8],
			"faces": {
				"north": {"uv": [4, 11.25, 3.75, 12], "texture": "#0"},
				"east": {"uv": [4.5, 11.25, 4, 12], "texture": "#0"},
				"south": {"uv": [4.75, 11.25, 4.5, 12], "texture": "#0"},
				"west": {"uv": [3.75, 11.25, 3.25, 12], "texture": "#0"},
				"up": {"uv": [3.75, 11.25, 4, 10.75], "texture": "#0"},
				"down": {"uv": [4, 10.75, 4.25, 11.25], "texture": "#0"}
			}
		},
		{
			"name": "head",
			"from": [2, 19, 6],
			"to": [4, 22, 10],
			"faces": {
				"north": {"uv": [1.5, 11.25, 1, 12], "texture": "#0"},
				"east": {"uv": [2.5, 11.25, 1.5, 12], "texture": "#0"},
				"south": {"uv": [3, 11.25, 2.5, 12], "texture": "#0"},
				"west": {"uv": [1, 11.25, 0, 12], "texture": "#0"},
				"up": {"uv": [1, 11.25, 1.5, 10.25], "texture": "#0"},
				"down": {"uv": [1.5, 10.25, 2, 11.25], "texture": "#0"}
			}
		},
		{
			"name": "leftarm",
			"from": [-8, 6, 8],
			"to": [-4, 18, 12],
			"rotation": {"angle": -22.5, "axis": "z", "origin": [0, 0, 0]},
			"faces": {
				"north": {"uv": [10, 5, 9, 8], "texture": "#0"},
				"east": {"uv": [11, 5, 10, 8], "texture": "#0"},
				"south": {"uv": [12, 5, 11, 8], "texture": "#0"},
				"west": {"uv": [9, 5, 8, 8], "texture": "#0"},
				"up": {"uv": [9, 5, 10, 4], "texture": "#0"},
				"down": {"uv": [10, 4, 11, 5], "texture": "#0"}
			}
		},
		{
			"name": "leftarm",
			"from": [-8.5, 9, 7.5],
			"to": [-5.5, 13, 12.5],
			"rotation": {"angle": -22.5, "axis": "z", "origin": [0, 0, 0]},
			"faces": {
				"north": {"uv": [11.75, 9.5, 11, 10.5], "texture": "#0"},
				"east": {"uv": [13, 9.5, 11.75, 10.5], "texture": "#0"},
				"south": {"uv": [13.75, 9.5, 13, 10.5], "texture": "#0"},
				"west": {"uv": [11, 9.5, 9.75, 10.5], "texture": "#0"},
				"up": {"uv": [11, 9.5, 11.75, 8.25], "texture": "#0"},
				"down": {"uv": [11.75, 8.25, 12.5, 9.5], "texture": "#0"}
			}
		},
		{
			"name": "leftarm",
			"from": [-9, 16, 7.5],
			"to": [-5, 19, 12.5],
			"rotation": {"angle": -22.5, "axis": "z", "origin": [0, 0, 0]},
			"faces": {
				"north": {"uv": [7.25, 9.75, 6.25, 10.5], "texture": "#0"},
				"east": {"uv": [8.5, 9.75, 7.25, 10.5], "texture": "#0"},
				"south": {"uv": [9.5, 9.75, 8.5, 10.5], "texture": "#0"},
				"west": {"uv": [6.25, 9.75, 5, 10.5], "texture": "#0"},
				"up": {"uv": [6.25, 9.75, 7.25, 8.5], "texture": "#0"},
				"down": {"uv": [7.25, 8.5, 8.25, 9.75], "texture": "#0"}
			}
		},
		{
			"name": "leftarm",
			"from": [-9, 15, 7.5],
			"to": [-5, 16, 12.5],
			"rotation": {"angle": -22.5, "axis": "z", "origin": [0, 0, 0]},
			"faces": {
				"north": {"uv": [7.25, 11.75, 6.25, 12], "texture": "#0"},
				"east": {"uv": [8.5, 11.75, 7.25, 12], "texture": "#0"},
				"south": {"uv": [9.5, 11.75, 8.5, 12], "texture": "#0"},
				"west": {"uv": [6.25, 11.75, 5, 12], "texture": "#0"},
				"up": {"uv": [6.25, 11.75, 7.25, 10.5], "texture": "#0"},
				"down": {"uv": [7.25, 10.5, 8.25, 11.75], "texture": "#0"}
			}
		},
		{
			"name": "rightarm",
			"from": [11, 8, -7],
			"to": [15, 20, -3],
			"rotation": {"angle": 45, "axis": "x", "origin": [0, 0, 0]},
			"faces": {
				"north": {"uv": [9, 5, 10, 8], "texture": "#0"},
				"east": {"uv": [8, 5, 9, 8], "texture": "#0"},
				"south": {"uv": [11, 5, 12, 8], "texture": "#0"},
				"west": {"uv": [10, 5, 11, 8], "texture": "#0"},
				"up": {"uv": [10, 5, 9, 4], "texture": "#0"},
				"down": {"uv": [11, 4, 10, 5], "texture": "#0"}
			}
		},
		{
			"name": "rightarm",
			"from": [12.5, 11, -7.5],
			"to": [15.5, 15, -2.5],
			"rotation": {"angle": 45, "axis": "x", "origin": [0, 0, 0]},
			"faces": {
				"north": {"uv": [11, 9.5, 11.75, 10.5], "texture": "#0"},
				"east": {"uv": [9.75, 9.5, 11, 10.5], "texture": "#0"},
				"south": {"uv": [13, 9.5, 13.75, 10.5], "texture": "#0"},
				"west": {"uv": [11.75, 9.5, 13, 10.5], "texture": "#0"},
				"up": {"uv": [11.75, 9.5, 11, 8.25], "texture": "#0"},
				"down": {"uv": [12.5, 8.25, 11.75, 9.5], "texture": "#0"}
			}
		},
		{
			"name": "rightarm",
			"from": [12, 18, -7.5],
			"to": [16, 21, -2.5],
			"rotation": {"angle": 45, "axis": "x", "origin": [0, 0, 0]},
			"faces": {
				"north": {"uv": [6.25, 9.75, 7.25, 10.5], "texture": "#0"},
				"east": {"uv": [5, 9.75, 6.25, 10.5], "texture": "#0"},
				"south": {"uv": [8.5, 9.75, 9.5, 10.5], "texture": "#0"},
				"west": {"uv": [7.25, 9.75, 8.5, 10.5], "texture": "#0"},
				"up": {"uv": [7.25, 9.75, 6.25, 8.5], "texture": "#0"},
				"down": {"uv": [8.25, 8.5, 7.25, 9.75], "texture": "#0"}
			}
		},
		{
			"name": "rightarm",
			"from": [12, 17, -7.5],
			"to": [16, 18, -2.5],
			"rotation": {"angle": 45, "axis": "x", "origin": [0, 0, 0]},
			"faces": {
				"north": {"uv": [6.25, 11.75, 7.25, 12], "texture": "#0"},
				"east": {"uv": [5, 11.75, 6.25, 12], "texture": "#0"},
				"south": {"uv": [8.5, 11.75, 9.5, 12], "texture": "#0"},
				"west": {"uv": [7.25, 11.75, 8.5, 12], "texture": "#0"},
				"up": {"uv": [7.25, 11.75, 6.25, 10.5], "texture": "#0"},
				"down": {"uv": [8.25, 10.5, 7.25, 11.75], "texture": "#0"}
			}
		}
	],
	"display": {
		"head": {
			"translation": [0, -13, 0],
			"scale": [2.5, 2.5, 2.5]
		}
	},
	"groups": [
		{
			"name": "root",
			"origin": [0, 0, 0],
			"color": 0,
			"children": [
				{
					"name": "leftleg",
					"origin": [-1.9, 12, 0],
					"color": 1,
					"children": [0, 1, 2]
				},
				{
					"name": "rightleg",
					"origin": [1.9, 12, 0],
					"color": 2,
					"children": [3, 4, 5]
				},
				{
					"name": "waist",
					"origin": [0, 12, 0],
					"color": 3,
					"children": [
						{
							"name": "body",
							"origin": [0, 24, 0],
							"color": 4,
							"children": [
								6,
								7,
								8,
								{
									"name": "leftwing",
									"origin": [-2, 20, 2],
									"color": 5,
									"children": [9, 10, 11]
								},
								{
									"name": "rightwing",
									"origin": [2, 20, 2],
									"color": 6,
									"children": [12, 13, 14]
								},
								{
									"name": "head",
									"origin": [0, 24, 0],
									"color": 7,
									"children": [15, 16, 17, 18, 19, 20, 21, 22, 23, 24]
								},
								{
									"name": "leftarm",
									"origin": [-5, 22, 0],
									"color": 8,
									"children": [25, 26, 27, 28]
								},
								{
									"name": "rightarm",
									"origin": [5, 22, 0],
									"color": 9,
									"children": [29, 30, 31, 32]
								}
							]
						}
					]
				}
			]
		}
	]
}