{
	"credit": "Made with Blockbench",
	"texture_size": [64, 64],
	"textures": {
		"0": "item/models/hub/lava/lava"
	},
	"elements": [
		{
			"name": "leftLeg",
			"from": [4.1, -6, 7],
			"to": [8.1, 6, 11],
			"rotation": {"angle": 0, "axis": "y", "origin": [8, -6, 9]},
			"faces": {
				"north": {"uv": [14, 5, 13, 8], "texture": "#0"},
				"east": {"uv": [15, 5, 14, 8], "texture": "#0"},
				"south": {"uv": [16, 5, 15, 8], "texture": "#0"},
				"west": {"uv": [13, 5, 12, 8], "texture": "#0"},
				"up": {"uv": [13, 5, 14, 4], "texture": "#0"},
				"down": {"uv": [14, 4, 15, 5], "texture": "#0"}
			}
		},
		{
			"name": "leftLegging",
			"from": [3.1, -2, 6],
			"to": [8.1, 1, 12],
			"rotation": {"angle": 0, "axis": "y", "origin": [8, -6, 9]},
			"faces": {
				"north": {"uv": [13.25, 11, 12, 11.75], "texture": "#0"},
				"east": {"uv": [14.75, 11, 13.25, 11.75], "texture": "#0"},
				"south": {"uv": [16, 11, 14.75, 11.75], "texture": "#0"},
				"west": {"uv": [12, 11, 10.5, 11.75], "texture": "#0"},
				"up": {"uv": [12, 11, 13.25, 9.5], "texture": "#0"},
				"down": {"uv": [13.25, 9.5, 14.5, 11], "texture": "#0"}
			}
		},
		{
			"name": "leftLegging",
			"from": [4.1, 2, 7],
			"to": [4.1, 6, 11],
			"rotation": {"angle": 0, "axis": "y", "origin": [4.1, 6, 9]},
			"faces": {
				"north": {"uv": [15, 13.25, 15, 14.25], "texture": "#0"},
				"east": {"uv": [16, 13.25, 15, 14.25], "texture": "#0"},
				"south": {"uv": [16, 13.25, 16, 14.25], "texture": "#0"},
				"west": {"uv": [15, 13.25, 14, 14.25], "texture": "#0"},
				"up": {"uv": [15, 13.25, 15, 12.25], "texture": "#0"},
				"down": {"uv": [15, 12.25, 15, 13.25], "texture": "#0"}
			}
		},
		{
			"name": "leftBoot",
			"from": [4.1, -6, 5],
			"to": [8.1, -3, 7],
			"rotation": {"angle": 0, "axis": "y", "origin": [8, -6, 9]},
			"faces": {
				"north": {"uv": [14.5, 12.25, 13.5, 13], "texture": "#0"},
				"east": {"uv": [15, 12.25, 14.5, 13], "texture": "#0"},
				"south": {"uv": [16, 12.25, 15, 13], "texture": "#0"},
				"west": {"uv": [13.5, 12.25, 13, 13], "texture": "#0"},
				"up": {"uv": [13.5, 12.25, 14.5, 11.75], "texture": "#0"},
				"down": {"uv": [14.5, 11.75, 15.5, 12.25], "texture": "#0"}
			}
		},
		{
			"name": "rightLeg",
			"from": [7.9, -6, 7],
			"to": [11.9, 6, 11],
			"rotation": {"angle": 0, "axis": "y", "origin": [8, -6, 9]},
			"faces": {
				"north": {"uv": [13, 5, 14, 8], "texture": "#0"},
				"east": {"uv": [12, 5, 13, 8], "texture": "#0"},
				"south": {"uv": [15, 5, 16, 8], "texture": "#0"},
				"west": {"uv": [14, 5, 15, 8], "texture": "#0"},
				"up": {"uv": [14, 5, 13, 4], "texture": "#0"},
				"down": {"uv": [15, 4, 14, 5], "texture": "#0"}
			}
		},
		{
			"name": "rightLegging",
			"from": [7.9, -2, 6],
			"to": [12.9, 1, 12],
			"rotation": {"angle": 0, "axis": "y", "origin": [8, -6, 9]},
			"faces": {
				"north": {"uv": [12, 11, 13.25, 11.75], "texture": "#0"},
				"east": {"uv": [10.5, 11, 12, 11.75], "texture": "#0"},
				"south": {"uv": [14.75, 11, 16, 11.75], "texture": "#0"},
				"west": {"uv": [13.25, 11, 14.75, 11.75], "texture": "#0"},
				"up": {"uv": [13.25, 11, 12, 9.5], "texture": "#0"},
				"down": {"uv": [14.5, 9.5, 13.25, 11], "texture": "#0"}
			}
		},
		{
			"name": "rightLegging",
			"from": [11.9, 2, 7],
			"to": [11.9, 6, 11],
			"rotation": {"angle": 0, "axis": "y", "origin": [11.9, 6, 9]},
			"faces": {
				"north": {"uv": [15, 13.25, 15, 14.25], "texture": "#0"},
				"east": {"uv": [14, 13.25, 15, 14.25], "texture": "#0"},
				"south": {"uv": [16, 13.25, 16, 14.25], "texture": "#0"},
				"west": {"uv": [15, 13.25, 16, 14.25], "texture": "#0"},
				"up": {"uv": [15, 13.25, 15, 12.25], "texture": "#0"},
				"down": {"uv": [15, 12.25, 15, 13.25], "texture": "#0"}
			}
		},
		{
			"name": "rightBoot",
			"from": [7.9, -6, 5],
			"to": [11.9, -3, 7],
			"rotation": {"angle": 0, "axis": "y", "origin": [8, -6, 9]},
			"faces": {
				"north": {"uv": [13.5, 12.25, 14.5, 13], "texture": "#0"},
				"east": {"uv": [13, 12.25, 13.5, 13], "texture": "#0"},
				"south": {"uv": [15, 12.25, 16, 13], "texture": "#0"},
				"west": {"uv": [14.5, 12.25, 15, 13], "texture": "#0"},
				"up": {"uv": [14.5, 12.25, 13.5, 11.75], "texture": "#0"},
				"down": {"uv": [15.5, 11.75, 14.5, 12.25], "texture": "#0"}
			}
		},
		{
			"name": "body",
			"from": [4, 6, 7],
			"to": [12, 18, 11],
			"rotation": {"angle": 0, "axis": "y", "origin": [8, -6, 9]},
			"faces": {
				"north": {"uv": [1, 1, 3, 4], "texture": "#0"},
				"east": {"uv": [0, 1, 1, 4], "texture": "#0"},
				"south": {"uv": [4, 1, 6, 4], "texture": "#0"},
				"west": {"uv": [3, 1, 4, 4], "texture": "#0"},
				"up": {"uv": [3, 1, 1, 0], "texture": "#0"},
				"down": {"uv": [5, 0, 3, 1], "texture": "#0"}
			}
		},
		{
			"name": "bodyArmor",
			"from": [3, 5, 11],
			"to": [13, 18, 11],
			"rotation": {"angle": -22.5, "axis": "x", "origin": [8, 18, 11]},
			"faces": {
				"north": {"uv": [11, 0, 13.5, 3.25], "texture": "#0"},
				"east": {"uv": [11, 0, 11, 3.25], "texture": "#0"},
				"south": {"uv": [13.5, 0, 16, 3.25], "texture": "#0"},
				"west": {"uv": [13.5, 0, 13.5, 3.25], "texture": "#0"},
				"up": {"uv": [13.5, 0, 11, 0], "texture": "#0"},
				"down": {"uv": [16, 0, 13.5, 0], "texture": "#0"}
			}
		},
		{
			"name": "belt",
			"from": [6, 5.5, 6],
			"to": [10, 9.5, 7],
			"rotation": {"angle": 0, "axis": "y", "origin": [8, 7.5, 6.5]},
			"faces": {
				"north": {"uv": [11, 8.25, 12, 9.25], "texture": "#0"},
				"east": {"uv": [10.75, 8.25, 11, 9.25], "texture": "#0"},
				"south": {"uv": [12.25, 8.25, 13.25, 9.25], "texture": "#0"},
				"west": {"uv": [12, 8.25, 12.25, 9.25], "texture": "#0"},
				"up": {"uv": [12, 8.25, 11, 8], "texture": "#0"},
				"down": {"uv": [13, 8, 12, 8.25], "texture": "#0"}
			}
		},
		{
			"name": "head",
			"from": [4, 18, 5],
			"to": [12, 25, 13],
			"rotation": {"angle": 0, "axis": "y", "origin": [8, -6, 9]},
			"faces": {
				"north": {"uv": [2, 6, 4, 7.75], "texture": "#0"},
				"east": {"uv": [0, 6, 2, 7.75], "texture": "#0"},
				"south": {"uv": [6, 6, 8, 7.75], "texture": "#0"},
				"west": {"uv": [4, 6, 6, 7.75], "texture": "#0"},
				"up": {"uv": [4, 6, 2, 4], "texture": "#0"},
				"down": {"uv": [6, 4, 4, 6], "texture": "#0"}
			}
		},
		{
			"name": "head",
			"from": [3, 17, 9],
			"to": [13, 21, 14],
			"rotation": {"angle": 0, "axis": "y", "origin": [8, 18, 10]},
			"faces": {
				"north": {"uv": [4, 15, 6.5, 16], "texture": "#0"},
				"east": {"uv": [2.75, 15, 4, 16], "texture": "#0"},
				"south": {"uv": [7.75, 15, 10.25, 16], "texture": "#0"},
				"west": {"uv": [6.5, 15, 7.75, 16], "texture": "#0"},
				"up": {"uv": [6.5, 15, 4, 13.75], "texture": "#0"},
				"down": {"uv": [9, 13.75, 6.5, 15], "texture": "#0"}
			}
		},
		{
			"name": "head",
			"from": [6, 19, 2],
			"to": [10, 21, 5],
			"rotation": {"angle": 0, "axis": "y", "origin": [8, -6, 9]},
			"faces": {
				"north": {"uv": [6, 11.25, 7, 11.75], "texture": "#0"},
				"east": {"uv": [5.25, 11.25, 6, 11.75], "texture": "#0"},
				"south": {"uv": [7.75, 11.25, 8.75, 11.75], "texture": "#0"},
				"west": {"uv": [7, 11.25, 7.75, 11.75], "texture": "#0"},
				"up": {"uv": [7, 11.25, 6, 10.5], "texture": "#0"},
				"down": {"uv": [8, 10.5, 7, 11.25], "texture": "#0"}
			}
		},
		{
			"name": "head",
			"from": [6, 18, 2],
			"to": [10, 19, 5],
			"rotation": {"angle": -22.5, "axis": "x", "origin": [8, 19, 5]},
			"faces": {
				"north": {"uv": [6, 12.5, 7, 12.75], "texture": "#0"},
				"east": {"uv": [5.25, 12.5, 6, 12.75], "texture": "#0"},
				"south": {"uv": [7.75, 12.5, 8.75, 12.75], "texture": "#0"},
				"west": {"uv": [7, 12.5, 7.75, 12.75], "texture": "#0"},
				"up": {"uv": [7, 12.5, 6, 11.75], "texture": "#0"},
				"down": {"uv": [8, 11.75, 7, 12.5], "texture": "#0"}
			}
		},
		{
			"name": "head",
			"from": [7, 17, 2],
			"to": [9, 19, 2],
			"rotation": {"angle": -22.5, "axis": "x", "origin": [8, 19, 5]},
			"faces": {
				"north": {"uv": [6.25, 13.25, 6.75, 13.75], "texture": "#0"},
				"east": {"uv": [6.25, 13.25, 6.25, 13.75], "texture": "#0"},
				"south": {"uv": [6.75, 13.25, 7.25, 13.75], "texture": "#0"},
				"west": {"uv": [6.75, 13.25, 6.75, 13.75], "texture": "#0"},
				"up": {"uv": [6.75, 13.25, 6.25, 13.25], "texture": "#0"},
				"down": {"uv": [7.25, 13.25, 6.75, 13.25], "texture": "#0"}
			}
		},
		{
			"name": "head",
			"from": [11, 22.5, 8],
			"to": [14, 26.5, 9],
			"rotation": {"angle": 22.5, "axis": "x", "origin": [12, 22.5, 8]},
			"faces": {
				"north": {"uv": [0.25, 14, 1, 15], "texture": "#0"},
				"east": {"uv": [0, 14, 0.25, 15], "texture": "#0"},
				"south": {"uv": [1.25, 14, 2, 15], "texture": "#0"},
				"west": {"uv": [1, 14, 1.25, 15], "texture": "#0"},
				"up": {"uv": [1, 14, 0.25, 13.75], "texture": "#0"},
				"down": {"uv": [1.75, 13.75, 1, 14], "texture": "#0"}
			}
		},
		{
			"name": "head",
			"from": [9, 26.5, 8],
			"to": [11, 27.5, 8],
			"rotation": {"angle": 22.5, "axis": "x", "origin": [12, 22.5, 8]},
			"faces": {
				"north": {"uv": [2.25, 14, 2.75, 14.25], "texture": "#0"},
				"east": {"uv": [2.25, 14, 2.25, 14.25], "texture": "#0"},
				"south": {"uv": [2.75, 14, 3.25, 14.25], "texture": "#0"},
				"west": {"uv": [2.75, 14, 2.75, 14.25], "texture": "#0"},
				"up": {"uv": [2.75, 14, 2.25, 14], "texture": "#0"},
				"down": {"uv": [3.25, 14, 2.75, 14], "texture": "#0"}
			}
		},
		{
			"name": "head",
			"from": [2, 22.5, 8],
			"to": [5, 26.5, 9],
			"rotation": {"angle": 22.5, "axis": "x", "origin": [4, 22.5, 8]},
			"faces": {
				"north": {"uv": [1, 14, 0.25, 15], "texture": "#0"},
				"east": {"uv": [1.25, 14, 1, 15], "texture": "#0"},
				"south": {"uv": [2, 14, 1.25, 15], "texture": "#0"},
				"west": {"uv": [0.25, 14, 0, 15], "texture": "#0"},
				"up": {"uv": [0.25, 14, 1, 13.75], "texture": "#0"},
				"down": {"uv": [1, 13.75, 1.75, 14], "texture": "#0"}
			}
		},
		{
			"name": "head",
			"from": [5, 26.5, 8],
			"to": [7, 27.5, 8],
			"rotation": {"angle": 22.5, "axis": "x", "origin": [4, 22.5, 8]},
			"faces": {
				"north": {"uv": [2.75, 14, 2.25, 14.25], "texture": "#0"},
				"east": {"uv": [2.75, 14, 2.75, 14.25], "texture": "#0"},
				"south": {"uv": [3.25, 14, 2.75, 14.25], "texture": "#0"},
				"west": {"uv": [2.25, 14, 2.25, 14.25], "texture": "#0"},
				"up": {"uv": [2.25, 14, 2.75, 14], "texture": "#0"},
				"down": {"uv": [2.75, 14, 3.25, 14], "texture": "#0"}
			}
		},
		{
			"name": "helmet",
			"from": [5, 25, 6],
			"to": [11, 27, 12],
			"rotation": {"angle": 0, "axis": "y", "origin": [8, -6, 9]},
			"faces": {
				"north": {"uv": [1.5, 13.25, 3, 13.75], "texture": "#0"},
				"east": {"uv": [0, 13.25, 1.5, 13.75], "texture": "#0"},
				"south": {"uv": [4.5, 13.25, 6, 13.75], "texture": "#0"},
				"west": {"uv": [3, 13.25, 4.5, 13.75], "texture": "#0"},
				"up": {"uv": [3, 13.25, 1.5, 11.75], "texture": "#0"},
				"down": {"uv": [4.5, 11.75, 3, 13.25], "texture": "#0"}
			}
		},
		{
			"name": "helmet",
			"from": [5, 27, 6],
			"to": [11, 30, 12],
			"rotation": {"angle": 0, "axis": "y", "origin": [8, -6, 9]},
			"faces": {
				"north": {"uv": [1.5, 9.25, 3, 10], "texture": "#0"},
				"east": {"uv": [0, 9.25, 1.5, 10], "texture": "#0"},
				"south": {"uv": [4.5, 9.25, 6, 10], "texture": "#0"},
				"west": {"uv": [3, 9.25, 4.5, 10], "texture": "#0"},
				"up": {"uv": [3, 9.25, 1.5, 7.75], "texture": "#0"},
				"down": {"uv": [4.5, 7.75, 3, 9.25], "texture": "#0"}
			}
		},
		{
			"name": "helmet",
			"from": [7, 30, 8],
			"to": [9, 32, 10],
			"rotation": {"angle": 0, "axis": "y", "origin": [8, -6, 9]},
			"faces": {
				"north": {"uv": [7, 8.25, 7.5, 8.75], "texture": "#0"},
				"east": {"uv": [6.5, 8.25, 7, 8.75], "texture": "#0"},
				"south": {"uv": [8, 8.25, 8.5, 8.75], "texture": "#0"},
				"west": {"uv": [7.5, 8.25, 8, 8.75], "texture": "#0"},
				"up": {"uv": [7.5, 8.25, 7, 7.75], "texture": "#0"},
				"down": {"uv": [8, 7.75, 7.5, 8.25], "texture": "#0"}
			}
		},
		{
			"name": "helmet",
			"from": [5.5, 27, 6.5],
			"to": [10.5, 29, 11.5],
			"rotation": {"angle": 0, "axis": "y", "origin": [8, -6, 9]},
			"faces": {
				"north": {"uv": [1.25, 11.25, 2.5, 11.75], "texture": "#0"},
				"east": {"uv": [0, 11.25, 1.25, 11.75], "texture": "#0"},
				"south": {"uv": [3.75, 11.25, 5, 11.75], "texture": "#0"},
				"west": {"uv": [2.5, 11.25, 3.75, 11.75], "texture": "#0"},
				"up": {"uv": [2.5, 11.25, 1.25, 10], "texture": "#0"},
				"down": {"uv": [3.75, 10, 2.5, 11.25], "texture": "#0"}
			}
		},
		{
			"name": "leftArm",
			"from": [1, 6, 7],
			"to": [4, 18, 11],
			"rotation": {"angle": 0, "axis": "y", "origin": [8, -6, 9]},
			"faces": {
				"north": {"uv": [10, 5, 9.25, 8], "texture": "#0"},
				"east": {"uv": [11, 5, 10, 8], "texture": "#0"},
				"south": {"uv": [11.75, 5, 11, 8], "texture": "#0"},
				"west": {"uv": [9.25, 5, 8.25, 8], "texture": "#0"},
				"up": {"uv": [9.25, 5, 10, 4], "texture": "#0"},
				"down": {"uv": [10, 4, 10.75, 5], "texture": "#0"}
			}
		},
		{
			"name": "leftArm",
			"from": [0, 10, 6],
			"to": [4, 13, 12],
			"rotation": {"angle": 0, "axis": "y", "origin": [8, -6, 9]},
			"faces": {
				"north": {"uv": [9.5, 9.5, 8.5, 10.25], "texture": "#0"},
				"east": {"uv": [11, 9.5, 9.5, 10.25], "texture": "#0"},
				"south": {"uv": [12, 9.5, 11, 10.25], "texture": "#0"},
				"west": {"uv": [8.5, 9.5, 7, 10.25], "texture": "#0"},
				"up": {"uv": [8.5, 9.5, 9.5, 8], "texture": "#0"},
				"down": {"uv": [9.5, 8, 10.5, 9.5], "texture": "#0"}
			}
		},
		{
			"name": "rightArm",
			"from": [12, 6, 7],
			"to": [15, 18, 11],
			"rotation": {"angle": 0, "axis": "y", "origin": [8, -6, 9]},
			"faces": {
				"north": {"uv": [9.25, 5, 10, 8], "texture": "#0"},
				"east": {"uv": [8.25, 5, 9.25, 8], "texture": "#0"},
				"south": {"uv": [11, 5, 11.75, 8], "texture": "#0"},
				"west": {"uv": [10, 5, 11, 8], "texture": "#0"},
				"up": {"uv": [10, 5, 9.25, 4], "texture": "#0"},
				"down": {"uv": [10.75, 4, 10, 5], "texture": "#0"}
			}
		},
		{
			"name": "rightArm",
			"from": [12, 10, 6],
			"to": [16, 13, 12],
			"rotation": {"angle": 0, "axis": "y", "origin": [8, -6, 9]},
			"faces": {
				"north": {"uv": [8.5, 9.5, 9.5, 10.25], "texture": "#0"},
				"east": {"uv": [7, 9.5, 8.5, 10.25], "texture": "#0"},
				"south": {"uv": [11, 9.5, 12, 10.25], "texture": "#0"},
				"west": {"uv": [9.5, 9.5, 11, 10.25], "texture": "#0"},
				"up": {"uv": [9.5, 9.5, 8.5, 8], "texture": "#0"},
				"down": {"uv": [10.5, 8, 9.5, 9.5], "texture": "#0"}
			}
		}
	],
	"display": {
		"head": {
			"translation": [0, -8, 0],
			"scale": [2.5, 2.5, 2.5]
		}
	},
	"groups": [
		{
			"name": "root",
			"origin": [0, -8, 0],
			"color": 0,
			"children": [
				{
					"name": "leftLeg",
					"origin": [-1.9, 4, 0],
					"color": 1,
					"children": [
						0,
						{
							"name": "leftLegging",
							"origin": [-1.9, 4, 0],
							"color": 2,
							"children": [1, 2]
						},
						{
							"name": "leftBoot",
							"origin": [-1.9, 4, 0],
							"color": 3,
							"children": [3]
						}
					]
				},
				{
					"name": "rightLeg",
					"origin": [1.9, 4, 0],
					"color": 4,
					"children": [
						4,
						{
							"name": "rightLegging",
							"origin": [1.9, 4, 0],
							"color": 5,
							"children": [5, 6]
						},
						{
							"name": "rightBoot",
							"origin": [1.9, 4, 0],
							"color": 6,
							"children": [7]
						}
					]
				},
				{
					"name": "waist",
					"origin": [0, 4, 0],
					"color": 7,
					"children": [
						{
							"name": "body",
							"origin": [0, 16, 0],
							"color": 8,
							"children": [
								8,
								{
									"name": "bodyArmor",
									"origin": [0, 16, 0],
									"color": 9,
									"children": [9]
								},
								{
									"name": "belt",
									"origin": [0, 16, 0],
									"color": 0,
									"children": [10]
								},
								{
									"name": "head",
									"origin": [0, 16, 0],
									"color": 1,
									"children": [
										11,
										12,
										13,
										14,
										15,
										16,
										17,
										18,
										19,
										{
											"name": "helmet",
											"origin": [0, 16, 0],
											"color": 2,
											"children": [20, 21, 22, 23]
										}
									]
								},
								{
									"name": "leftArm",
									"origin": [-5, 13.5, 0],
									"color": 3,
									"children": [
										24,
										25,
										{
											"name": "leftArmArmor",
											"origin": [-5, 13.5, 0],
											"color": 4,
											"children": []
										},
										{
											"name": "leftItem",
											"origin": [-6, 7, 0],
											"color": 5,
											"children": []
										}
									]
								},
								{
									"name": "rightArm",
									"origin": [5, 13.5, 0],
									"color": 6,
									"children": [
										26,
										27,
										{
											"name": "rightArmArmor",
											"origin": [5, 13.5, 0],
											"color": 7,
											"children": []
										},
										{
											"name": "rightItem",
											"origin": [6, 7, 0],
											"color": 8,
											"children": []
										}
									]
								}
							]
						}
					]
				}
			]
		}
	]
}