{
	"credit": "Made with Blockbench",
	"texture_size": [64, 64],
	"textures": {
		"0": "item/models/hub/maze/maze"
	},
	"elements": [
		{
			"name": "leftLeg",
			"from": [4.1, -1, 4],
			"to": [8.1, 11, 8],
			"rotation": {"angle": 22.5, "axis": "x", "origin": [8, -3, 8]},
			"faces": {
				"north": {"uv": [8.25, 7.75, 7.25, 10.75], "texture": "#0"},
				"east": {"uv": [9.25, 7.75, 8.25, 10.75], "texture": "#0"},
				"south": {"uv": [10.25, 7.75, 9.25, 10.75], "texture": "#0"},
				"west": {"uv": [7.25, 7.75, 6.25, 10.75], "texture": "#0"},
				"up": {"uv": [7.25, 7.75, 8.25, 6.75], "texture": "#0"},
				"down": {"uv": [8.25, 6.75, 9.25, 7.75], "texture": "#0"}
			}
		},
		{
			"name": "leftLeg",
			"from": [3.1, 3, 3],
			"to": [8.1, 6, 9],
			"rotation": {"angle": 22.5, "axis": "x", "origin": [8, -3, 8]},
			"faces": {
				"north": {"uv": [9.5, 3.5, 8.25, 4.25], "texture": "#0"},
				"east": {"uv": [11, 3.5, 9.5, 4.25], "texture": "#0"},
				"south": {"uv": [12.25, 3.5, 11, 4.25], "texture": "#0"},
				"west": {"uv": [8.25, 3.5, 6.75, 4.25], "texture": "#0"},
				"up": {"uv": [8.25, 3.5, 9.5, 2], "texture": "#0"},
				"down": {"uv": [9.5, 2, 10.75, 3.5], "texture": "#0"}
			}
		},
		{
			"name": "leftLeg",
			"from": [4.1, -1, 3],
			"to": [8.1, 2, 4],
			"rotation": {"angle": 22.5, "axis": "x", "origin": [8, -3, 8]},
			"faces": {
				"north": {"uv": [10.75, 8.75, 11.75, 9.5], "texture": "#0"},
				"east": {"uv": [10.5, 8.75, 10.75, 9.5], "texture": "#0"},
				"south": {"uv": [12, 8.75, 13, 9.5], "texture": "#0"},
				"west": {"uv": [11.75, 8.75, 12, 9.5], "texture": "#0"},
				"up": {"uv": [11.75, 8.75, 10.75, 8.5], "texture": "#0"},
				"down": {"uv": [12.75, 8.5, 11.75, 8.75], "texture": "#0"}
			}
		},
		{
			"name": "rightLeg",
			"from": [7.9, -1, 14],
			"to": [11.9, 11, 18],
			"rotation": {"angle": -22.5, "axis": "x", "origin": [8, -3, 8]},
			"faces": {
				"north": {"uv": [7.25, 7.75, 8.25, 10.75], "texture": "#0"},
				"east": {"uv": [6.25, 7.75, 7.25, 10.75], "texture": "#0"},
				"south": {"uv": [9.25, 7.75, 10.25, 10.75], "texture": "#0"},
				"west": {"uv": [8.25, 7.75, 9.25, 10.75], "texture": "#0"},
				"up": {"uv": [8.25, 7.75, 7.25, 6.75], "texture": "#0"},
				"down": {"uv": [9.25, 6.75, 8.25, 7.75], "texture": "#0"}
			}
		},
		{
			"name": "rightLeg",
			"from": [7.9, 3, 13],
			"to": [12.9, 6, 19],
			"rotation": {"angle": -22.5, "axis": "x", "origin": [8, -3, 8]},
			"faces": {
				"north": {"uv": [8.25, 3.5, 9.5, 4.25], "texture": "#0"},
				"east": {"uv": [6.75, 3.5, 8.25, 4.25], "texture": "#0"},
				"south": {"uv": [11, 3.5, 12.25, 4.25], "texture": "#0"},
				"west": {"uv": [9.5, 3.5, 11, 4.25], "texture": "#0"},
				"up": {"uv": [9.5, 3.5, 8.25, 2], "texture": "#0"},
				"down": {"uv": [10.75, 2, 9.5, 3.5], "texture": "#0"}
			}
		},
		{
			"name": "rightLeg",
			"from": [7.9, -1, 13],
			"to": [11.9, 2, 14],
			"rotation": {"angle": -22.5, "axis": "x", "origin": [8, -3, 8]},
			"faces": {
				"north": {"uv": [11.75, 8.75, 10.75, 9.5], "texture": "#0"},
				"east": {"uv": [12, 8.75, 11.75, 9.5], "texture": "#0"},
				"south": {"uv": [13, 8.75, 12, 9.5], "texture": "#0"},
				"west": {"uv": [10.75, 8.75, 10.5, 9.5], "texture": "#0"},
				"up": {"uv": [10.75, 8.75, 11.75, 8.5], "texture": "#0"},
				"down": {"uv": [11.75, 8.5, 12.75, 8.75], "texture": "#0"}
			}
		},
		{
			"name": "body",
			"from": [4, 11, 14],
			"to": [12, 23, 18],
			"rotation": {"angle": -22.5, "axis": "x", "origin": [8, -1, 16]},
			"faces": {
				"north": {"uv": [1, 7.75, 3, 10.75], "texture": "#0"},
				"east": {"uv": [0, 7.75, 1, 10.75], "texture": "#0"},
				"south": {"uv": [4, 7.75, 6, 10.75], "texture": "#0"},
				"west": {"uv": [3, 7.75, 4, 10.75], "texture": "#0"},
				"up": {"uv": [3, 7.75, 1, 6.75], "texture": "#0"},
				"down": {"uv": [5, 6.75, 3, 7.75], "texture": "#0"}
			}
		},
		{
			"name": "body",
			"from": [7, 21, 13],
			"to": [9, 23, 14],
			"rotation": {"angle": -22.5, "axis": "x", "origin": [8, -1, 16]},
			"faces": {
				"north": {"uv": [6.5, 4.75, 7, 5.25], "texture": "#0"},
				"east": {"uv": [6.25, 4.75, 6.5, 5.25], "texture": "#0"},
				"south": {"uv": [7.25, 4.75, 7.75, 5.25], "texture": "#0"},
				"west": {"uv": [7, 4.75, 7.25, 5.25], "texture": "#0"},
				"up": {"uv": [7, 4.75, 6.5, 4.5], "texture": "#0"},
				"down": {"uv": [7.5, 4.5, 7, 4.75], "texture": "#0"}
			}
		},
		{
			"name": "body",
			"from": [7, 21, 6],
			"to": [9, 24, 7],
			"rotation": {"angle": -45, "axis": "x", "origin": [8, 20, 14]},
			"faces": {
				"north": {"uv": [0.25, 3.75, 0.75, 4.5], "texture": "#0"},
				"east": {"uv": [0, 3.75, 0.25, 4.5], "texture": "#0"},
				"south": {"uv": [1, 3.75, 1.5, 4.5], "texture": "#0"},
				"west": {"uv": [0.75, 3.75, 1, 4.5], "texture": "#0"},
				"up": {"uv": [0.75, 3.75, 0.25, 3.5], "texture": "#0"},
				"down": {"uv": [1.25, 3.5, 0.75, 3.75], "texture": "#0"}
			}
		},
		{
			"name": "body",
			"from": [6, 11, 8],
			"to": [10, 15, 9],
			"rotation": {"angle": -22.5, "axis": "x", "origin": [8, 13, 13]},
			"faces": {
				"north": {"uv": [8.5, 4.75, 9.5, 5.75], "texture": "#0"},
				"east": {"uv": [8.25, 4.75, 8.5, 5.75], "texture": "#0"},
				"south": {"uv": [9.75, 4.75, 10.75, 5.75], "texture": "#0"},
				"west": {"uv": [9.5, 4.75, 9.75, 5.75], "texture": "#0"},
				"up": {"uv": [9.5, 4.75, 8.5, 4.5], "texture": "#0"},
				"down": {"uv": [10.5, 4.5, 9.5, 4.75], "texture": "#0"}
			}
		},
		{
			"name": "body",
			"from": [4, 13, 13],
			"to": [12, 19, 13],
			"rotation": {"angle": -22.5, "axis": "x", "origin": [8, 13, 18]},
			"faces": {
				"north": {"uv": [0, 12.75, 2, 14.25], "texture": "#0"},
				"east": {"uv": [0, 12.75, 0, 14.25], "texture": "#0"},
				"south": {"uv": [2, 12.75, 4, 14.25], "texture": "#0"},
				"west": {"uv": [2, 12.75, 2, 14.25], "texture": "#0"},
				"up": {"uv": [2, 12.75, 0, 12.75], "texture": "#0"},
				"down": {"uv": [4, 12.75, 2, 12.75], "texture": "#0"}
			}
		},
		{
			"name": "body",
			"from": [9.73643, 21.05507, 5],
			"to": [12.73643, 24.05507, 6],
			"rotation": {"angle": -22.5, "axis": "x", "origin": [11.25, 19.5, 13.5]},
			"faces": {
				"north": {"uv": [13.5, 1.5, 14.25, 2.25], "texture": "#0"},
				"east": {"uv": [13.25, 1.5, 13.5, 2.25], "texture": "#0"},
				"south": {"uv": [14.5, 1.5, 15.25, 2.25], "texture": "#0"},
				"west": {"uv": [14.25, 1.5, 14.5, 2.25], "texture": "#0"},
				"up": {"uv": [14.25, 1.5, 13.5, 1.25], "texture": "#0"},
				"down": {"uv": [15, 1.25, 14.25, 1.5], "texture": "#0"}
			}
		},
		{
			"name": "body",
			"from": [3.26357, 21.05507, 5],
			"to": [6.26357, 24.05507, 6],
			"rotation": {"angle": -22.5, "axis": "x", "origin": [4.75, 19.5, 13.5]},
			"faces": {
				"north": {"uv": [14.25, 1.5, 13.5, 2.25], "texture": "#0"},
				"east": {"uv": [14.5, 1.5, 14.25, 2.25], "texture": "#0"},
				"south": {"uv": [15.25, 1.5, 14.5, 2.25], "texture": "#0"},
				"west": {"uv": [13.5, 1.5, 13.25, 2.25], "texture": "#0"},
				"up": {"uv": [13.5, 1.5, 14.25, 1.25], "texture": "#0"},
				"down": {"uv": [14.25, 1.25, 15, 1.5], "texture": "#0"}
			}
		},
		{
			"name": "body",
			"from": [9.73643, 19.05507, 5],
			"to": [11.73643, 21.05507, 6],
			"rotation": {"angle": -22.5, "axis": "x", "origin": [11.25, 19.5, 13.5]},
			"faces": {
				"north": {"uv": [13.5, 0.5, 14, 1], "texture": "#0"},
				"east": {"uv": [13.25, 0.5, 13.5, 1], "texture": "#0"},
				"south": {"uv": [14.25, 0.5, 14.75, 1], "texture": "#0"},
				"west": {"uv": [14, 0.5, 14.25, 1], "texture": "#0"},
				"up": {"uv": [14, 0.5, 13.5, 0.25], "texture": "#0"},
				"down": {"uv": [14.5, 0.25, 14, 0.5], "texture": "#0"}
			}
		},
		{
			"name": "body",
			"from": [4.26357, 19.05507, 5],
			"to": [6.26357, 21.05507, 6],
			"rotation": {"angle": -22.5, "axis": "x", "origin": [4.75, 19.5, 13.5]},
			"faces": {
				"north": {"uv": [14, 0.5, 13.5, 1], "texture": "#0"},
				"east": {"uv": [14.25, 0.5, 14, 1], "texture": "#0"},
				"south": {"uv": [14.75, 0.5, 14.25, 1], "texture": "#0"},
				"west": {"uv": [13.5, 0.5, 13.25, 1], "texture": "#0"},
				"up": {"uv": [13.5, 0.5, 14, 0.25], "texture": "#0"},
				"down": {"uv": [14, 0.25, 14.5, 0.5], "texture": "#0"}
			}
		},
		{
			"name": "head",
			"from": [4, 21, 4],
			"to": [12, 26, 12],
			"rotation": {"angle": 0, "axis": "y", "origin": [8, -3, 8]},
			"faces": {
				"north": {"uv": [2, 2, 4, 3.25], "texture": "#0"},
				"east": {"uv": [0, 2, 2, 3.25], "texture": "#0"},
				"south": {"uv": [6, 2, 8, 3.25], "texture": "#0"},
				"west": {"uv": [4, 2, 6, 3.25], "texture": "#0"},
				"up": {"uv": [4, 2, 2, 0], "texture": "#0"},
				"down": {"uv": [6, 0, 4, 2], "texture": "#0"}
			}
		},
		{
			"name": "head",
			"from": [4, 26, 4],
			"to": [12, 30, 12],
			"rotation": {"angle": 0, "axis": "y", "origin": [8, -3, 8]},
			"faces": {
				"north": {"uv": [2, 5.5, 4, 6.5], "texture": "#0"},
				"east": {"uv": [0, 5.5, 2, 6.5], "texture": "#0"},
				"south": {"uv": [6, 5.5, 8, 6.5], "texture": "#0"},
				"west": {"uv": [4, 5.5, 6, 6.5], "texture": "#0"},
				"up": {"uv": [4, 5.5, 2, 3.5], "texture": "#0"},
				"down": {"uv": [6, 3.5, 4, 5.5], "texture": "#0"}
			}
		},
		{
			"name": "head",
			"from": [6, 30, 8],
			"to": [10, 32, 8],
			"rotation": {"angle": 0, "axis": "y", "origin": [8, -3, 8]},
			"faces": {
				"north": {"uv": [10.5, 0, 11.5, 0.5], "texture": "#0"},
				"east": {"uv": [10.5, 0, 10.5, 0.5], "texture": "#0"},
				"south": {"uv": [11.5, 0, 12.5, 0.5], "texture": "#0"},
				"west": {"uv": [11.5, 0, 11.5, 0.5], "texture": "#0"},
				"up": {"uv": [11.5, 0, 10.5, 0], "texture": "#0"},
				"down": {"uv": [12.5, 0, 11.5, 0], "texture": "#0"}
			}
		},
		{
			"name": "head",
			"from": [5, 26, 1],
			"to": [11, 28, 5],
			"rotation": {"angle": -22.5, "axis": "x", "origin": [8, 26, 4]},
			"faces": {
				"north": {"uv": [7.25, 1, 8.75, 1.5], "texture": "#0"},
				"east": {"uv": [6.25, 1, 7.25, 1.5], "texture": "#0"},
				"south": {"uv": [9.75, 1, 11.25, 1.5], "texture": "#0"},
				"west": {"uv": [8.75, 1, 9.75, 1.5], "texture": "#0"},
				"up": {"uv": [8.75, 1, 7.25, 0], "texture": "#0"},
				"down": {"uv": [10.25, 0, 8.75, 1], "texture": "#0"}
			}
		},
		{
			"name": "head",
			"from": [5, 26, 11],
			"to": [11, 28, 14],
			"rotation": {"angle": 22.5, "axis": "x", "origin": [8, 26, 12]},
			"faces": {
				"north": {"uv": [11.25, 7.75, 12.75, 8.25], "texture": "#0"},
				"east": {"uv": [10.5, 7.75, 11.25, 8.25], "texture": "#0"},
				"south": {"uv": [13.5, 7.75, 15, 8.25], "texture": "#0"},
				"west": {"uv": [12.75, 7.75, 13.5, 8.25], "texture": "#0"},
				"up": {"uv": [12.75, 7.75, 11.25, 7], "texture": "#0"},
				"down": {"uv": [14.25, 7, 12.75, 7.75], "texture": "#0"}
			}
		},
		{
			"name": "head",
			"from": [7, 22, 3],
			"to": [9, 24, 4],
			"rotation": {"angle": 0, "axis": "y", "origin": [8, -3, 8]},
			"faces": {
				"north": {"uv": [5.5, 7, 6, 7.5], "texture": "#0"},
				"east": {"uv": [5.25, 7, 5.5, 7.5], "texture": "#0"},
				"south": {"uv": [6.25, 7, 6.75, 7.5], "texture": "#0"},
				"west": {"uv": [6, 7, 6.25, 7.5], "texture": "#0"},
				"up": {"uv": [6, 7, 5.5, 6.75], "texture": "#0"},
				"down": {"uv": [6.5, 6.75, 6, 7], "texture": "#0"}
			}
		},
		{
			"name": "leftArm",
			"from": [1, 10, -3],
			"to": [4, 22, 1],
			"rotation": {"angle": 22.5, "axis": "x", "origin": [8, -3, -1]},
			"faces": {
				"north": {"uv": [11.25, 11, 10.5, 14], "texture": "#0"},
				"east": {"uv": [12.25, 11, 11.25, 14], "texture": "#0"},
				"south": {"uv": [13, 11, 12.25, 14], "texture": "#0"},
				"west": {"uv": [10.5, 11, 9.5, 14], "texture": "#0"},
				"up": {"uv": [10.5, 11, 11.25, 10], "texture": "#0"},
				"down": {"uv": [11.25, 10, 12, 11], "texture": "#0"}
			}
		},
		{
			"name": "leftArm",
			"from": [2, 8, 2],
			"to": [2, 11, 6],
			"rotation": {"angle": 22.5, "axis": "x", "origin": [1, 9, -1]},
			"faces": {
				"north": {"uv": [12, 1.75, 12, 2.5], "texture": "#0"},
				"east": {"uv": [11, 1.75, 12, 2.5], "texture": "#0"},
				"south": {"uv": [13, 1.75, 13, 2.5], "texture": "#0"},
				"west": {"uv": [12, 1.75, 13, 2.5], "texture": "#0"},
				"up": {"uv": [12, 1.75, 12, 0.75], "texture": "#0"},
				"down": {"uv": [12, 0.75, 12, 1.75], "texture": "#0"}
			}
		},
		{
			"name": "leftArm",
			"from": [0, 13, -4],
			"to": [4, 16, 2],
			"rotation": {"angle": 22.5, "axis": "x", "origin": [8, -3, -1]},
			"faces": {
				"north": {"uv": [12, 6, 11, 6.75], "texture": "#0"},
				"east": {"uv": [13.5, 6, 12, 6.75], "texture": "#0"},
				"south": {"uv": [14.5, 6, 13.5, 6.75], "texture": "#0"},
				"west": {"uv": [11, 6, 9.5, 6.75], "texture": "#0"},
				"up": {"uv": [11, 6, 12, 4.5], "texture": "#0"},
				"down": {"uv": [12, 4.5, 13, 6], "texture": "#0"}
			}
		},
		{
			"name": "rightArm",
			"from": [12, 9, 14],
			"to": [15, 21, 18],
			"rotation": {"angle": -22.5, "axis": "x", "origin": [8, -3, 8]},
			"faces": {
				"north": {"uv": [10.5, 11, 11.25, 14], "texture": "#0"},
				"east": {"uv": [9.5, 11, 10.5, 14], "texture": "#0"},
				"south": {"uv": [12.25, 11, 13, 14], "texture": "#0"},
				"west": {"uv": [11.25, 11, 12.25, 14], "texture": "#0"},
				"up": {"uv": [11.25, 11, 10.5, 10], "texture": "#0"},
				"down": {"uv": [12, 10, 11.25, 11], "texture": "#0"}
			}
		},
		{
			"name": "rightArm",
			"from": [14, 7, 10],
			"to": [14, 10, 14],
			"rotation": {"angle": -22.5, "axis": "x", "origin": [15, 9, 8]},
			"faces": {
				"north": {"uv": [12, 1.75, 12, 2.5], "texture": "#0"},
				"east": {"uv": [11, 1.75, 12, 2.5], "texture": "#0"},
				"south": {"uv": [13, 1.75, 13, 2.5], "texture": "#0"},
				"west": {"uv": [12, 1.75, 13, 2.5], "texture": "#0"},
				"up": {"uv": [12, 1.75, 12, 0.75], "texture": "#0"},
				"down": {"uv": [12, 0.75, 12, 1.75], "texture": "#0"}
			}
		},
		{
			"name": "rightArm",
			"from": [12, 12, 13],
			"to": [16, 15, 19],
			"rotation": {"angle": -22.5, "axis": "x", "origin": [8, -3, 8]},
			"faces": {
				"north": {"uv": [11, 6, 12, 6.75], "texture": "#0"},
				"east": {"uv": [9.5, 6, 11, 6.75], "texture": "#0"},
				"south": {"uv": [13.5, 6, 14.5, 6.75], "texture": "#0"},
				"west": {"uv": [12, 6, 13.5, 6.75], "texture": "#0"},
				"up": {"uv": [12, 6, 11, 4.5], "texture": "#0"},
				"down": {"uv": [13, 4.5, 12, 6], "texture": "#0"}
			}
		}
	],
	"display": {
		"head": {
			"translation": [0, -20.25, -3.25],
			"scale": [2.5, 2.5, 2.5]
		}
	},
	"groups": [
		{
			"name": "root",
			"origin": [0, -5, 0],
			"color": 0,
			"children": [
				{
					"name": "leftLeg",
					"origin": [-1.9, 7, 0],
					"color": 1,
					"children": [0, 1, 2]
				},
				{
					"name": "rightLeg",
					"origin": [1.9, 7, 0],
					"color": 2,
					"children": [3, 4, 5]
				},
				{
					"name": "waist",
					"origin": [0, 7, 0],
					"color": 3,
					"children": [
						{
							"name": "body",
							"origin": [0, 19, 0],
							"color": 4,
							"children": [
								6,
								7,
								8,
								9,
								10,
								11,
								12,
								13,
								14,
								{
									"name": "head",
									"origin": [0, 19, 0],
									"color": 5,
									"children": [15, 16, 17, 18, 19, 20]
								},
								{
									"name": "leftArm",
									"origin": [-5, 16.5, 0],
									"color": 6,
									"children": [21, 22, 23]
								},
								{
									"name": "rightArm",
									"origin": [5, 16.5, 0],
									"color": 7,
									"children": [
										24,
										25,
										26,
										{
											"name": "glass",
											"origin": [5, 6.9, -2],
											"color": 8,
											"children": []
										}
									]
								}
							]
						}
					]
				}
			]
		}
	]
}