{
	"credit": "Made with Blockbench",
	"texture_size": [64, 64],
	"textures": {
		"0": "item/models/hub/newgame/newgame"
	},
	"elements": [
		{
			"name": "leftLeg",
			"from": [3.1, 0, 7],
			"to": [7.1, 12, 11],
			"rotation": {"angle": 0, "axis": "y", "origin": [7, 0, 9]},
			"faces": {
				"north": {"uv": [14, 5, 13, 8], "texture": "#0"},
				"east": {"uv": [15, 5, 14, 8], "texture": "#0"},
				"south": {"uv": [16, 5, 15, 8], "texture": "#0"},
				"west": {"uv": [13, 5, 12, 8], "texture": "#0"},
				"up": {"uv": [13, 5, 14, 4], "texture": "#0"},
				"down": {"uv": [14, 4, 15, 5], "texture": "#0"}
			}
		},
		{
			"name": "leftLeg",
			"from": [2.1, 4, 6],
			"to": [7.1, 7, 12],
			"rotation": {"angle": 0, "axis": "y", "origin": [7, 0, 9]},
			"faces": {
				"north": {"uv": [9.25, 14.25, 8, 15], "texture": "#0"},
				"east": {"uv": [10.75, 14.25, 9.25, 15], "texture": "#0"},
				"south": {"uv": [12, 14.25, 10.75, 15], "texture": "#0"},
				"west": {"uv": [8, 14.25, 6.5, 15], "texture": "#0"},
				"up": {"uv": [8, 14.25, 9.25, 12.75], "texture": "#0"},
				"down": {"uv": [9.25, 12.75, 10.5, 14.25], "texture": "#0"}
			}
		},
		{
			"name": "leftLeg",
			"from": [3.1, 0, 5],
			"to": [7.1, 3, 7],
			"rotation": {"angle": 0, "axis": "y", "origin": [7, 0, 9]},
			"faces": {
				"north": {"uv": [13.25, 8.5, 12.25, 9.25], "texture": "#0"},
				"east": {"uv": [13.75, 8.5, 13.25, 9.25], "texture": "#0"},
				"south": {"uv": [14.75, 8.5, 13.75, 9.25], "texture": "#0"},
				"west": {"uv": [12.25, 8.5, 11.75, 9.25], "texture": "#0"},
				"up": {"uv": [12.25, 8.5, 13.25, 8], "texture": "#0"},
				"down": {"uv": [13.25, 8, 14.25, 8.5], "texture": "#0"}
			}
		},
		{
			"name": "rightLeg",
			"from": [6.9, 0, 7],
			"to": [10.9, 12, 11],
			"rotation": {"angle": 0, "axis": "y", "origin": [7, 0, 9]},
			"faces": {
				"north": {"uv": [13, 5, 14, 8], "texture": "#0"},
				"east": {"uv": [12, 5, 13, 8], "texture": "#0"},
				"south": {"uv": [15, 5, 16, 8], "texture": "#0"},
				"west": {"uv": [14, 5, 15, 8], "texture": "#0"},
				"up": {"uv": [14, 5, 13, 4], "texture": "#0"},
				"down": {"uv": [15, 4, 14, 5], "texture": "#0"}
			}
		},
		{
			"name": "rightLeg",
			"from": [6.9, 0, 5],
			"to": [10.9, 3, 7],
			"rotation": {"angle": 0, "axis": "y", "origin": [7, 0, 9]},
			"faces": {
				"north": {"uv": [12.25, 8.5, 13.25, 9.25], "texture": "#0"},
				"east": {"uv": [11.75, 8.5, 12.25, 9.25], "texture": "#0"},
				"south": {"uv": [13.75, 8.5, 14.75, 9.25], "texture": "#0"},
				"west": {"uv": [13.25, 8.5, 13.75, 9.25], "texture": "#0"},
				"up": {"uv": [13.25, 8.5, 12.25, 8], "texture": "#0"},
				"down": {"uv": [14.25, 8, 13.25, 8.5], "texture": "#0"}
			}
		},
		{
			"name": "rightLeg",
			"from": [6.9, 4, 6],
			"to": [11.9, 7, 12],
			"rotation": {"angle": 0, "axis": "y", "origin": [7, 0, 9]},
			"faces": {
				"north": {"uv": [8, 14.25, 9.25, 15], "texture": "#0"},
				"east": {"uv": [6.5, 14.25, 8, 15], "texture": "#0"},
				"south": {"uv": [10.75, 14.25, 12, 15], "texture": "#0"},
				"west": {"uv": [9.25, 14.25, 10.75, 15], "texture": "#0"},
				"up": {"uv": [9.25, 14.25, 8, 12.75], "texture": "#0"},
				"down": {"uv": [10.5, 12.75, 9.25, 14.25], "texture": "#0"}
			}
		},
		{
			"name": "body",
			"from": [3, 12, 7],
			"to": [11, 24, 11],
			"rotation": {"angle": 0, "axis": "y", "origin": [7, 0, 9]},
			"faces": {
				"north": {"uv": [1, 1, 3, 4], "texture": "#0"},
				"east": {"uv": [0, 1, 1, 4], "texture": "#0"},
				"south": {"uv": [4, 1, 6, 4], "texture": "#0"},
				"west": {"uv": [3, 1, 4, 4], "texture": "#0"},
				"up": {"uv": [3, 1, 1, 0], "texture": "#0"},
				"down": {"uv": [5, 0, 3, 1], "texture": "#0"}
			}
		},
		{
			"name": "body",
			"from": [5, 12, 6],
			"to": [9, 17, 7],
			"rotation": {"angle": 0, "axis": "y", "origin": [7, 0, 9]},
			"faces": {
				"north": {"uv": [0.25, 14.75, 1.25, 16], "texture": "#0"},
				"east": {"uv": [0, 14.75, 0.25, 16], "texture": "#0"},
				"south": {"uv": [1.5, 14.75, 2.5, 16], "texture": "#0"},
				"west": {"uv": [1.25, 14.75, 1.5, 16], "texture": "#0"},
				"up": {"uv": [1.25, 14.75, 0.25, 14.5], "texture": "#0"},
				"down": {"uv": [2.25, 14.5, 1.25, 14.75], "texture": "#0"}
			}
		},
		{
			"name": "body",
			"from": [1, 24.75, 17.25],
			"to": [13, 26.75, 19.25],
			"rotation": {"angle": 0, "axis": "y", "origin": [7, 0, 9]},
			"faces": {
				"north": {"uv": [8.75, 0.5, 11.75, 1], "texture": "#0"},
				"east": {"uv": [8.25, 0.5, 8.75, 1], "texture": "#0"},
				"south": {"uv": [12.25, 0.5, 15.25, 1], "texture": "#0"},
				"west": {"uv": [11.75, 0.5, 12.25, 1], "texture": "#0"},
				"up": {"uv": [11.75, 0.5, 8.75, 0], "texture": "#0"},
				"down": {"uv": [14.75, 0, 11.75, 0.5], "texture": "#0"}
			}
		},
		{
			"name": "body",
			"from": [2, 12.75, 18.25],
			"to": [12, 24.75, 18.25],
			"rotation": {"angle": 0, "axis": "y", "origin": [7, 24.75, 18.25]},
			"faces": {
				"north": {"uv": [8.25, 1, 10.75, 4], "texture": "#0"},
				"east": {"uv": [8.25, 1, 8.25, 4], "texture": "#0"},
				"south": {"uv": [10.75, 1, 13.25, 4], "texture": "#0"},
				"west": {"uv": [10.75, 1, 10.75, 4], "texture": "#0"},
				"up": {"uv": [10.75, 1, 8.25, 1], "texture": "#0"},
				"down": {"uv": [13.25, 1, 10.75, 1], "texture": "#0"}
			}
		},
		{
			"name": "body",
			"from": [6, 17, 9],
			"to": [8, 32, 11],
			"rotation": {"angle": 45, "axis": "x", "origin": [7, 17, 11]},
			"faces": {
				"north": {"uv": [6.5, 0.5, 7, 4.25], "texture": "#0"},
				"east": {"uv": [6, 0.5, 6.5, 4.25], "texture": "#0"},
				"south": {"uv": [7.5, 0.5, 8, 4.25], "texture": "#0"},
				"west": {"uv": [7, 0.5, 7.5, 4.25], "texture": "#0"},
				"up": {"uv": [7, 0.5, 6.5, 0], "texture": "#0"},
				"down": {"uv": [7.5, 0, 7, 0.5], "texture": "#0"}
			}
		},
		{
			"name": "head",
			"from": [3, 23, 5],
			"to": [11, 32, 13],
			"rotation": {"angle": 0, "axis": "y", "origin": [7, 0, 9]},
			"faces": {
				"north": {"uv": [2, 6, 4, 8.25], "texture": "#0"},
				"east": {"uv": [0, 6, 2, 8.25], "texture": "#0"},
				"south": {"uv": [6, 6, 8, 8.25], "texture": "#0"},
				"west": {"uv": [4, 6, 6, 8.25], "texture": "#0"},
				"up": {"uv": [4, 6, 2, 4], "texture": "#0"},
				"down": {"uv": [6, 4, 4, 6], "texture": "#0"}
			}
		},
		{
			"name": "head",
			"from": [2, 27, 10],
			"to": [12, 30, 14],
			"rotation": {"angle": 0, "axis": "y", "origin": [7, 0, 9]},
			"faces": {
				"north": {"uv": [1, 9.75, 3.5, 10.5], "texture": "#0"},
				"east": {"uv": [0, 9.75, 1, 10.5], "texture": "#0"},
				"south": {"uv": [4.5, 9.75, 7, 10.5], "texture": "#0"},
				"west": {"uv": [3.5, 9.75, 4.5, 10.5], "texture": "#0"},
				"up": {"uv": [3.5, 9.75, 1, 8.75], "texture": "#0"},
				"down": {"uv": [6, 8.75, 3.5, 9.75], "texture": "#0"}
			}
		},
		{
			"name": "head",
			"from": [4, 26, 4],
			"to": [10, 27, 5],
			"rotation": {"angle": 0, "axis": "y", "origin": [7, 0, 9]},
			"faces": {
				"north": {"uv": [2.5, 8.5, 4, 8.75], "texture": "#0"},
				"east": {"uv": [2.25, 8.5, 2.5, 8.75], "texture": "#0"},
				"south": {"uv": [4.25, 8.5, 5.75, 8.75], "texture": "#0"},
				"west": {"uv": [4, 8.5, 4.25, 8.75], "texture": "#0"},
				"up": {"uv": [4, 8.5, 2.5, 8.25], "texture": "#0"},
				"down": {"uv": [5.5, 8.25, 4, 8.5], "texture": "#0"}
			}
		},
		{
			"name": "head",
			"from": [3, 24, 4],
			"to": [11, 26, 4],
			"rotation": {"angle": 0, "axis": "y", "origin": [7, 0, 9]},
			"faces": {
				"north": {"uv": [8.5, 15.5, 10.5, 16], "texture": "#0"},
				"east": {"uv": [8.5, 15.5, 8.5, 16], "texture": "#0"},
				"south": {"uv": [10.5, 15.5, 12.5, 16], "texture": "#0"},
				"west": {"uv": [10.5, 15.5, 10.5, 16], "texture": "#0"},
				"up": {"uv": [10.5, 15.5, 8.5, 15.5], "texture": "#0"},
				"down": {"uv": [12.5, 15.5, 10.5, 15.5], "texture": "#0"}
			}
		},
		{
			"name": "head",
			"from": [2, 22, 5],
			"to": [12, 28, 8],
			"rotation": {"angle": 22.5, "axis": "x", "origin": [7, 26, 5]},
			"faces": {
				"north": {"uv": [0.75, 11.25, 3.25, 12.75], "texture": "#0"},
				"east": {"uv": [0, 11.25, 0.75, 12.75], "texture": "#0"},
				"south": {"uv": [4, 11.25, 6.5, 12.75], "texture": "#0"},
				"west": {"uv": [3.25, 11.25, 4, 12.75], "texture": "#0"},
				"up": {"uv": [3.25, 11.25, 0.75, 10.5], "texture": "#0"},
				"down": {"uv": [5.75, 10.5, 3.25, 11.25], "texture": "#0"}
			}
		},
		{
			"name": "head",
			"from": [4, 20, 5],
			"to": [10, 22, 8],
			"rotation": {"angle": 22.5, "axis": "x", "origin": [7, 26, 5]},
			"faces": {
				"north": {"uv": [0.75, 13.5, 2.25, 14], "texture": "#0"},
				"east": {"uv": [0, 13.5, 0.75, 14], "texture": "#0"},
				"south": {"uv": [3, 13.5, 4.5, 14], "texture": "#0"},
				"west": {"uv": [2.25, 13.5, 3, 14], "texture": "#0"},
				"up": {"uv": [2.25, 13.5, 0.75, 12.75], "texture": "#0"},
				"down": {"uv": [3.75, 12.75, 2.25, 13.5], "texture": "#0"}
			}
		},
		{
			"name": "head",
			"from": [8, 29.5, 4.75],
			"to": [12, 31.5, 4.75],
			"rotation": {"angle": 0, "axis": "y", "origin": [7, 0, 9]},
			"faces": {
				"north": {"uv": [0, 8.25, 1, 8.75], "texture": "#0"},
				"east": {"uv": [0, 8.25, 0, 8.75], "texture": "#0"},
				"south": {"uv": [1, 8.25, 2, 8.75], "texture": "#0"},
				"west": {"uv": [1, 8.25, 1, 8.75], "texture": "#0"},
				"up": {"uv": [1, 8.25, 0, 8.25], "texture": "#0"},
				"down": {"uv": [2, 8.25, 1, 8.25], "texture": "#0"}
			}
		},
		{
			"name": "head",
			"from": [2, 29.5, 4.75],
			"to": [6, 31.5, 4.75],
			"rotation": {"angle": 0, "axis": "y", "origin": [7, 0, 9]},
			"faces": {
				"north": {"uv": [1, 8.25, 0, 8.75], "texture": "#0"},
				"east": {"uv": [1, 8.25, 1, 8.75], "texture": "#0"},
				"south": {"uv": [2, 8.25, 1, 8.75], "texture": "#0"},
				"west": {"uv": [0, 8.25, 0, 8.75], "texture": "#0"},
				"up": {"uv": [0, 8.25, 1, 8.25], "texture": "#0"},
				"down": {"uv": [1, 8.25, 2, 8.25], "texture": "#0"}
			}
		},
		{
			"name": "head",
			"from": [6, 26, 5],
			"to": [8, 29, 7],
			"rotation": {"angle": 45, "axis": "x", "origin": [7, 29, 5]},
			"faces": {
				"north": {"uv": [4, 15.25, 4.5, 16], "texture": "#0"},
				"east": {"uv": [3.5, 15.25, 4, 16], "texture": "#0"},
				"south": {"uv": [5, 15.25, 5.5, 16], "texture": "#0"},
				"west": {"uv": [4.5, 15.25, 5, 16], "texture": "#0"},
				"up": {"uv": [4.5, 15.25, 4, 14.75], "texture": "#0"},
				"down": {"uv": [5, 14.75, 4.5, 15.25], "texture": "#0"}
			}
		},
		{
			"name": "leftArm",
			"from": [-3, 21, 6],
			"to": [3, 25, 12],
			"rotation": {"angle": 0, "axis": "y", "origin": [2, 24, 9]},
			"faces": {
				"north": {"uv": [10, 9.5, 8.5, 10.5], "texture": "#0"},
				"east": {"uv": [11.5, 9.5, 10, 10.5], "texture": "#0"},
				"south": {"uv": [13, 9.5, 11.5, 10.5], "texture": "#0"},
				"west": {"uv": [8.5, 9.5, 7, 10.5], "texture": "#0"},
				"up": {"uv": [8.5, 9.5, 10, 8], "texture": "#0"},
				"down": {"uv": [10, 8, 11.5, 9.5], "texture": "#0"}
			}
		},
		{
			"name": "leftArm",
			"from": [-1, 12, 7],
			"to": [3, 24, 11],
			"rotation": {"angle": 0, "axis": "y", "origin": [7, 0, 9]},
			"faces": {
				"north": {"uv": [10, 5, 9, 8], "texture": "#0"},
				"east": {"uv": [11, 5, 10, 8], "texture": "#0"},
				"south": {"uv": [12, 5, 11, 8], "texture": "#0"},
				"west": {"uv": [9, 5, 8, 8], "texture": "#0"},
				"up": {"uv": [9, 5, 10, 4], "texture": "#0"},
				"down": {"uv": [10, 4, 11, 5], "texture": "#0"}
			}
		},
		{
			"name": "leftArm",
			"from": [-2, 15, 6],
			"to": [3, 18, 12],
			"rotation": {"angle": 0, "axis": "y", "origin": [7, 0, 9]},
			"faces": {
				"north": {"uv": [9.25, 12, 8, 12.75], "texture": "#0"},
				"east": {"uv": [10.75, 12, 9.25, 12.75], "texture": "#0"},
				"south": {"uv": [12, 12, 10.75, 12.75], "texture": "#0"},
				"west": {"uv": [8, 12, 6.5, 12.75], "texture": "#0"},
				"up": {"uv": [8, 12, 9.25, 10.5], "texture": "#0"},
				"down": {"uv": [9.25, 10.5, 10.5, 12], "texture": "#0"}
			}
		},
		{
			"name": "rightArm",
			"from": [11, 12, 7],
			"to": [15, 24, 11],
			"rotation": {"angle": 0, "axis": "y", "origin": [7, 0, 9]},
			"faces": {
				"north": {"uv": [9, 5, 10, 8], "texture": "#0"},
				"east": {"uv": [8, 5, 9, 8], "texture": "#0"},
				"south": {"uv": [11, 5, 12, 8], "texture": "#0"},
				"west": {"uv": [10, 5, 11, 8], "texture": "#0"},
				"up": {"uv": [10, 5, 9, 4], "texture": "#0"},
				"down": {"uv": [11, 4, 10, 5], "texture": "#0"}
			}
		},
		{
			"name": "rightArm",
			"from": [11, 15, 6],
			"to": [16, 18, 12],
			"rotation": {"angle": 0, "axis": "y", "origin": [7, 0, 9]},
			"faces": {
				"north": {"uv": [8, 12, 9.25, 12.75], "texture": "#0"},
				"east": {"uv": [6.5, 12, 8, 12.75], "texture": "#0"},
				"south": {"uv": [10.75, 12, 12, 12.75], "texture": "#0"},
				"west": {"uv": [9.25, 12, 10.75, 12.75], "texture": "#0"},
				"up": {"uv": [9.25, 12, 8, 10.5], "texture": "#0"},
				"down": {"uv": [10.5, 10.5, 9.25, 12], "texture": "#0"}
			}
		},
		{
			"name": "rightArm",
			"from": [11, 21, 6],
			"to": [17, 25, 12],
			"rotation": {"angle": 0, "axis": "y", "origin": [12, 24, 9]},
			"faces": {
				"north": {"uv": [8.5, 9.5, 10, 10.5], "texture": "#0"},
				"east": {"uv": [7, 9.5, 8.5, 10.5], "texture": "#0"},
				"south": {"uv": [11.5, 9.5, 13, 10.5], "texture": "#0"},
				"west": {"uv": [10, 9.5, 11.5, 10.5], "texture": "#0"},
				"up": {"uv": [10, 9.5, 8.5, 8], "texture": "#0"},
				"down": {"uv": [11.5, 8, 10, 9.5], "texture": "#0"}
			}
		}
	],
	"display": {
		"head": {
			"translation": [2.5, -23, 0],
			"scale": [2.5, 2.5, 2.5]
		}
	},
	"groups": [
		{
			"name": "root",
			"origin": [0, 0, 0],
			"color": 0,
			"children": [
				{
					"name": "leftLeg",
					"origin": [-1.9, 12, 0],
					"color": 1,
					"children": [
						0,
						1,
						2,
						{
							"name": "leftLegging",
							"origin": [-1.9, 12, 0],
							"color": 2,
							"children": []
						},
						{
							"name": "leftBoot",
							"origin": [-1.9, 12, 0],
							"color": 3,
							"children": []
						}
					]
				},
				{
					"name": "rightLeg",
					"origin": [1.9, 12, 0],
					"color": 4,
					"children": [
						3,
						4,
						5,
						{
							"name": "rightLegging",
							"origin": [1.9, 12, 0],
							"color": 5,
							"children": []
						},
						{
							"name": "rightBoot",
							"origin": [1.9, 12, 0],
							"color": 6,
							"children": []
						}
					]
				},
				{
					"name": "waist",
					"origin": [0, 12, 0],
					"color": 7,
					"children": [
						{
							"name": "body",
							"origin": [0, 24, 0],
							"color": 8,
							"children": [
								6,
								7,
								8,
								9,
								10,
								{
									"name": "bodyArmor",
									"origin": [0, 24, 0],
									"color": 9,
									"children": []
								},
								{
									"name": "belt",
									"origin": [0, 24, 0],
									"color": 0,
									"children": []
								},
								{
									"name": "head",
									"origin": [0, 24, 0],
									"color": 1,
									"children": [
										11,
										12,
										13,
										14,
										15,
										16,
										17,
										18,
										19,
										{
											"name": "helmet",
											"origin": [0, 24, 0],
											"color": 2,
											"children": []
										}
									]
								},
								{
									"name": "leftArm",
									"origin": [-5, 21.5, 0],
									"color": 3,
									"children": [
										20,
										21,
										22,
										{
											"name": "leftArmArmor",
											"origin": [-5, 21.5, 0],
											"color": 4,
											"children": []
										},
										{
											"name": "leftItem",
											"origin": [-6, 15, 0],
											"color": 5,
											"children": []
										}
									]
								},
								{
									"name": "rightArm",
									"origin": [5, 21.5, 0],
									"color": 6,
									"children": [
										23,
										24,
										25,
										{
											"name": "rightArmArmor",
											"origin": [5, 21.5, 0],
											"color": 7,
											"children": []
										},
										{
											"name": "rightItem",
											"origin": [6, 15, 0],
											"color": 8,
											"children": []
										}
									]
								}
							]
						}
					]
				}
			]
		}
	]
}