{
	"credit": "Made with Blockbench",
	"texture_size": [64, 64],
	"textures": {
		"0": "item/models/hub/skywars/skywars"
	},
	"elements": [
		{
			"name": "enderPearl",
			"from": [12, 17.5, -7],
			"to": [15, 20.5, -4],
			"rotation": {"angle": 0, "axis": "y", "origin": [8, 0, 10]},
			"faces": {
				"north": {"uv": [0.75, 15.25, 1.5, 16], "texture": "#0"},
				"east": {"uv": [0, 15.25, 0.75, 16], "texture": "#0"},
				"south": {"uv": [2.25, 15.25, 3, 16], "texture": "#0"},
				"west": {"uv": [1.5, 15.25, 2.25, 16], "texture": "#0"},
				"up": {"uv": [1.5, 15.25, 0.75, 14.5], "texture": "#0"},
				"down": {"uv": [2.25, 14.5, 1.5, 15.25], "texture": "#0"}
			}
		},
		{
			"name": "enderPearl",
			"from": [13.5, 12.5, 3],
			"to": [13.5, 15.5, 7],
			"rotation": {"angle": 0, "axis": "y", "origin": [8, 0, 10]},
			"faces": {
				"north": {"uv": [4.25, 15.25, 4.25, 16], "texture": "#0"},
				"east": {"uv": [3.25, 15.25, 4.25, 16], "texture": "#0"},
				"south": {"uv": [5.25, 15.25, 5.25, 16], "texture": "#0"},
				"west": {"uv": [4.25, 15.25, 5.25, 16], "texture": "#0"},
				"up": {"uv": [4.25, 15.25, 4.25, 14.25], "texture": "#0"},
				"down": {"uv": [4.25, 14.25, 4.25, 15.25], "texture": "#0"}
			}
		},
		{
			"name": "leftLeg",
			"from": [3.1, 4, 7],
			"to": [3.1, 8, 11],
			"rotation": {"angle": 45, "axis": "x", "origin": [4.1, 12, 10]},
			"faces": {
				"north": {"uv": [7.5, 12.75, 7.5, 13.75], "texture": "#0"},
				"east": {"uv": [8.5, 12.75, 7.5, 13.75], "texture": "#0"},
				"south": {"uv": [8.5, 12.75, 8.5, 13.75], "texture": "#0"},
				"west": {"uv": [7.5, 12.75, 6.5, 13.75], "texture": "#0"},
				"up": {"uv": [7.5, 12.75, 7.5, 11.75], "texture": "#0"},
				"down": {"uv": [7.5, 11.75, 7.5, 12.75], "texture": "#0"}
			}
		},
		{
			"name": "leftLeg",
			"from": [4.1, -7, -2],
			"to": [8.1, 5, 2],
			"rotation": {"angle": 45, "axis": "x", "origin": [8, 0, 10]},
			"faces": {
				"north": {"uv": [14, 5, 13, 8], "texture": "#0"},
				"east": {"uv": [15, 5, 14, 8], "texture": "#0"},
				"south": {"uv": [16, 5, 15, 8], "texture": "#0"},
				"west": {"uv": [13, 5, 12, 8], "texture": "#0"},
				"up": {"uv": [13, 5, 14, 4], "texture": "#0"},
				"down": {"uv": [14, 4, 15, 5], "texture": "#0"}
			}
		},
		{
			"name": "leftLeg",
			"from": [3.1, -3, -3],
			"to": [8.1, 0, 3],
			"rotation": {"angle": 45, "axis": "x", "origin": [8, 0, 10]},
			"faces": {
				"north": {"uv": [9.25, 11.75, 8, 12.5], "texture": "#0"},
				"east": {"uv": [10.75, 11.75, 9.25, 12.5], "texture": "#0"},
				"south": {"uv": [12, 11.75, 10.75, 12.5], "texture": "#0"},
				"west": {"uv": [8, 11.75, 6.5, 12.5], "texture": "#0"},
				"up": {"uv": [8, 11.75, 9.25, 10.25], "texture": "#0"},
				"down": {"uv": [9.25, 10.25, 10.5, 11.75], "texture": "#0"}
			}
		},
		{
			"name": "leftLeg",
			"from": [4.1, -7, -4],
			"to": [8.1, -4, -2],
			"rotation": {"angle": 45, "axis": "x", "origin": [8, 0, 10]},
			"faces": {
				"north": {"uv": [12.25, 8.5, 11.25, 9.25], "texture": "#0"},
				"east": {"uv": [12.75, 8.5, 12.25, 9.25], "texture": "#0"},
				"south": {"uv": [13.75, 8.5, 12.75, 9.25], "texture": "#0"},
				"west": {"uv": [11.25, 8.5, 10.75, 9.25], "texture": "#0"},
				"up": {"uv": [11.25, 8.5, 12.25, 8], "texture": "#0"},
				"down": {"uv": [12.25, 8, 13.25, 8.5], "texture": "#0"}
			}
		},
		{
			"name": "rightLeg",
			"from": [7.9, 3, 8],
			"to": [11.9, 15, 12],
			"rotation": {"angle": -22.5, "axis": "x", "origin": [8, 0, 10]},
			"faces": {
				"north": {"uv": [13, 5, 14, 8], "texture": "#0"},
				"east": {"uv": [12, 5, 13, 8], "texture": "#0"},
				"south": {"uv": [15, 5, 16, 8], "texture": "#0"},
				"west": {"uv": [14, 5, 15, 8], "texture": "#0"},
				"up": {"uv": [14, 5, 13, 4], "texture": "#0"},
				"down": {"uv": [15, 4, 14, 5], "texture": "#0"}
			}
		},
		{
			"name": "rightLeg",
			"from": [11.9, 11, 3],
			"to": [11.9, 15, 7],
			"rotation": {"angle": -22.5, "axis": "x", "origin": [11.9, 12, 10]},
			"faces": {
				"north": {"uv": [7.5, 12.75, 7.5, 13.75], "texture": "#0"},
				"east": {"uv": [6.5, 12.75, 7.5, 13.75], "texture": "#0"},
				"south": {"uv": [8.5, 12.75, 8.5, 13.75], "texture": "#0"},
				"west": {"uv": [7.5, 12.75, 8.5, 13.75], "texture": "#0"},
				"up": {"uv": [7.5, 12.75, 7.5, 11.75], "texture": "#0"},
				"down": {"uv": [7.5, 11.75, 7.5, 12.75], "texture": "#0"}
			}
		},
		{
			"name": "rightLeg",
			"from": [7.9, 3, 6],
			"to": [11.9, 6, 8],
			"rotation": {"angle": -22.5, "axis": "x", "origin": [8, 0, 10]},
			"faces": {
				"north": {"uv": [11.25, 8.5, 12.25, 9.25], "texture": "#0"},
				"east": {"uv": [10.75, 8.5, 11.25, 9.25], "texture": "#0"},
				"south": {"uv": [12.75, 8.5, 13.75, 9.25], "texture": "#0"},
				"west": {"uv": [12.25, 8.5, 12.75, 9.25], "texture": "#0"},
				"up": {"uv": [12.25, 8.5, 11.25, 8], "texture": "#0"},
				"down": {"uv": [13.25, 8, 12.25, 8.5], "texture": "#0"}
			}
		},
		{
			"name": "rightLeg",
			"from": [7.9, 7, 7],
			"to": [12.9, 10, 13],
			"rotation": {"angle": -22.5, "axis": "x", "origin": [8, 0, 10]},
			"faces": {
				"north": {"uv": [8, 11.75, 9.25, 12.5], "texture": "#0"},
				"east": {"uv": [6.5, 11.75, 8, 12.5], "texture": "#0"},
				"south": {"uv": [10.75, 11.75, 12, 12.5], "texture": "#0"},
				"west": {"uv": [9.25, 11.75, 10.75, 12.5], "texture": "#0"},
				"up": {"uv": [9.25, 11.75, 8, 10.25], "texture": "#0"},
				"down": {"uv": [10.5, 10.25, 9.25, 11.75], "texture": "#0"}
			}
		},
		{
			"name": "body",
			"from": [4, 8, 1],
			"to": [12, 20, 5],
			"rotation": {"angle": 22.5, "axis": "x", "origin": [8, 0, 10]},
			"faces": {
				"north": {"uv": [1, 1, 3, 4], "texture": "#0"},
				"east": {"uv": [0, 1, 1, 4], "texture": "#0"},
				"south": {"uv": [4, 1, 6, 4], "texture": "#0"},
				"west": {"uv": [3, 1, 4, 4], "texture": "#0"},
				"up": {"uv": [3, 1, 1, 0], "texture": "#0"},
				"down": {"uv": [5, 0, 3, 1], "texture": "#0"}
			}
		},
		{
			"name": "body",
			"from": [4, 11, 4],
			"to": [8, 16, 6],
			"rotation": {"angle": 22.5, "axis": "x", "origin": [6, 13.5, 7]},
			"faces": {
				"north": {"uv": [6.5, 2, 7.5, 3.25], "texture": "#0"},
				"east": {"uv": [6, 2, 6.5, 3.25], "texture": "#0"},
				"south": {"uv": [8, 2, 9, 3.25], "texture": "#0"},
				"west": {"uv": [7.5, 2, 8, 3.25], "texture": "#0"},
				"up": {"uv": [7.5, 2, 6.5, 1.5], "texture": "#0"},
				"down": {"uv": [8.5, 1.5, 7.5, 2], "texture": "#0"}
			}
		},
		{
			"name": "body",
			"from": [4, 13, 12],
			"to": [12, 22, 12],
			"rotation": {"angle": -22.5, "axis": "x", "origin": [8, 22, 12]},
			"faces": {
				"north": {"uv": [12, 0, 14, 2.25], "texture": "#0"},
				"east": {"uv": [12, 0, 12, 2.25], "texture": "#0"},
				"south": {"uv": [14, 0, 16, 2.25], "texture": "#0"},
				"west": {"uv": [14, 0, 14, 2.25], "texture": "#0"},
				"up": {"uv": [14, 0, 12, 0], "texture": "#0"},
				"down": {"uv": [16, 0, 14, 0], "texture": "#0"}
			}
		},
		{
			"name": "body",
			"from": [6, 18, 7],
			"to": [10, 22, 9],
			"rotation": {"angle": 22.5, "axis": "x", "origin": [8, 22, 8]},
			"faces": {
				"north": {"uv": [6.5, 0.5, 7.5, 1.5], "texture": "#0"},
				"east": {"uv": [6, 0.5, 6.5, 1.5], "texture": "#0"},
				"south": {"uv": [8, 0.5, 9, 1.5], "texture": "#0"},
				"west": {"uv": [7.5, 0.5, 8, 1.5], "texture": "#0"},
				"up": {"uv": [7.5, 0.5, 6.5, 0], "texture": "#0"},
				"down": {"uv": [8.5, 0, 7.5, 0.5], "texture": "#0"}
			}
		},
		{
			"name": "head",
			"from": [4, 22, 6],
			"to": [12, 30, 14],
			"rotation": {"angle": 0, "axis": "x", "origin": [8, -2, 10]},
			"faces": {
				"north": {"uv": [2, 6, 4, 8], "texture": "#0"},
				"east": {"uv": [0, 6, 2, 8], "texture": "#0"},
				"south": {"uv": [6, 6, 8, 8], "texture": "#0"},
				"west": {"uv": [4, 6, 6, 8], "texture": "#0"},
				"up": {"uv": [4, 6, 2, 4], "texture": "#0"},
				"down": {"uv": [6, 4, 4, 6], "texture": "#0"}
			}
		},
		{
			"name": "head",
			"from": [6, 20, 6],
			"to": [10, 22, 6],
			"rotation": {"angle": 0, "axis": "x", "origin": [8, -2, 10]},
			"faces": {
				"north": {"uv": [6, 4.25, 7, 4.75], "texture": "#0"},
				"east": {"uv": [6, 4.25, 6, 4.75], "texture": "#0"},
				"south": {"uv": [7, 4.25, 8, 4.75], "texture": "#0"},
				"west": {"uv": [7, 4.25, 7, 4.75], "texture": "#0"},
				"up": {"uv": [7, 4.25, 6, 4.25], "texture": "#0"},
				"down": {"uv": [8, 4.25, 7, 4.25], "texture": "#0"}
			}
		},
		{
			"name": "head",
			"from": [5, 20, 14],
			"to": [11, 28, 14],
			"rotation": {"angle": -22.5, "axis": "x", "origin": [8, 28, 14]},
			"faces": {
				"north": {"uv": [0, 12.5, 1.5, 14.5], "texture": "#0"},
				"east": {"uv": [0, 12.5, 0, 14.5], "texture": "#0"},
				"south": {"uv": [1.5, 12.5, 3, 14.5], "texture": "#0"},
				"west": {"uv": [1.5, 12.5, 1.5, 14.5], "texture": "#0"},
				"up": {"uv": [1.5, 12.5, 0, 12.5], "texture": "#0"},
				"down": {"uv": [3, 12.5, 1.5, 12.5], "texture": "#0"}
			}
		},
		{
			"name": "head",
			"from": [4, 27, 4.99],
			"to": [12, 30, 7.99],
			"rotation": {"angle": 0, "axis": "x", "origin": [8, 29, 5]},
			"faces": {
				"north": {"uv": [0.75, 8.75, 2.75, 9.5], "texture": "#0"},
				"east": {"uv": [0, 8.75, 0.75, 9.5], "texture": "#0"},
				"south": {"uv": [3.5, 8.75, 5.5, 9.5], "texture": "#0"},
				"west": {"uv": [2.75, 8.75, 3.5, 9.5], "texture": "#0"},
				"up": {"uv": [2.75, 8.75, 0.75, 8], "texture": "#0"},
				"down": {"uv": [4.75, 8, 2.75, 8.75], "texture": "#0"}
			}
		},
		{
			"name": "head",
			"from": [11, 21, 5],
			"to": [13, 30, 8],
			"rotation": {"angle": 0, "axis": "x", "origin": [8, 29, 5]},
			"faces": {
				"north": {"uv": [0.75, 10.25, 1.25, 12.5], "texture": "#0"},
				"east": {"uv": [0, 10.25, 0.75, 12.5], "texture": "#0"},
				"south": {"uv": [2, 10.25, 2.5, 12.5], "texture": "#0"},
				"west": {"uv": [1.25, 10.25, 2, 12.5], "texture": "#0"},
				"up": {"uv": [1.25, 10.25, 0.75, 9.5], "texture": "#0"},
				"down": {"uv": [1.75, 9.5, 1.25, 10.25], "texture": "#0"}
			}
		},
		{
			"name": "head",
			"from": [10, 29, 5],
			"to": [11, 30, 5],
			"rotation": {"angle": 0, "axis": "y", "origin": [8, 31, 5]},
			"faces": {
				"north": {"uv": [0, 8.25, 0.25, 8.5], "texture": "#0"},
				"east": {"uv": [0, 8.25, 0, 8.5], "texture": "#0"},
				"south": {"uv": [0.25, 8.25, 0.5, 8.5], "texture": "#0"},
				"west": {"uv": [0.25, 8.25, 0.25, 8.5], "texture": "#0"},
				"up": {"uv": [0.25, 8.25, 0, 8.25], "texture": "#0"},
				"down": {"uv": [0.5, 8.25, 0.25, 8.25], "texture": "#0"}
			}
		},
		{
			"name": "head",
			"from": [5, 29, 5],
			"to": [6, 30, 5],
			"rotation": {"angle": 0, "axis": "y", "origin": [8, 31, 5]},
			"faces": {
				"north": {"uv": [0, 8.25, 0.25, 8.5], "texture": "#0"},
				"east": {"uv": [0, 8.25, 0, 8.5], "texture": "#0"},
				"south": {"uv": [0.25, 8.25, 0.5, 8.5], "texture": "#0"},
				"west": {"uv": [0.25, 8.25, 0.25, 8.5], "texture": "#0"},
				"up": {"uv": [0.25, 8.25, 0, 8.25], "texture": "#0"},
				"down": {"uv": [0.5, 8.25, 0.25, 8.25], "texture": "#0"}
			}
		},
		{
			"name": "head",
			"from": [3, 21, 5],
			"to": [5, 30, 8],
			"rotation": {"angle": 0, "axis": "x", "origin": [8, 29, 5]},
			"faces": {
				"north": {"uv": [1.25, 10.25, 0.75, 12.5], "texture": "#0"},
				"east": {"uv": [2, 10.25, 1.25, 12.5], "texture": "#0"},
				"south": {"uv": [2.5, 10.25, 2, 12.5], "texture": "#0"},
				"west": {"uv": [0.75, 10.25, 0, 12.5], "texture": "#0"},
				"up": {"uv": [0.75, 10.25, 1.25, 9.5], "texture": "#0"},
				"down": {"uv": [1.25, 9.5, 1.75, 10.25], "texture": "#0"}
			}
		},
		{
			"name": "rightEyebrow",
			"from": [8.5, 27.5, 5.8],
			"to": [11.5, 28.5, 5.8],
			"rotation": {"angle": 0, "axis": "y", "origin": [8, 0, 10]},
			"faces": {
				"north": {"uv": [4.5, 9.75, 5.25, 10], "texture": "#0"},
				"east": {"uv": [4.5, 9.75, 4.5, 10], "texture": "#0"},
				"south": {"uv": [5.25, 9.75, 6, 10], "texture": "#0"},
				"west": {"uv": [5.25, 9.75, 5.25, 10], "texture": "#0"},
				"up": {"uv": [5.25, 9.75, 4.5, 9.75], "texture": "#0"},
				"down": {"uv": [6, 9.75, 5.25, 9.75], "texture": "#0"}
			}
		},
		{
			"name": "leftEyebrow",
			"from": [4.5, 27.5, 5.8],
			"to": [7.5, 28.5, 5.8],
			"rotation": {"angle": 0, "axis": "y", "origin": [8, 0, 10]},
			"faces": {
				"north": {"uv": [5.25, 9.75, 4.5, 10], "texture": "#0"},
				"east": {"uv": [5.25, 9.75, 5.25, 10], "texture": "#0"},
				"south": {"uv": [6, 9.75, 5.25, 10], "texture": "#0"},
				"west": {"uv": [4.5, 9.75, 4.5, 10], "texture": "#0"},
				"up": {"uv": [4.5, 9.75, 5.25, 9.75], "texture": "#0"},
				"down": {"uv": [5.25, 9.75, 6, 9.75], "texture": "#0"}
			}
		},
		{
			"name": "leftArm",
			"from": [0, 4, 22],
			"to": [4, 16, 26],
			"rotation": {"angle": -45, "axis": "x", "origin": [8, 0, 10]},
			"faces": {
				"north": {"uv": [10, 5, 9, 8], "texture": "#0"},
				"east": {"uv": [11, 5, 10, 8], "texture": "#0"},
				"south": {"uv": [12, 5, 11, 8], "texture": "#0"},
				"west": {"uv": [9, 5, 8, 8], "texture": "#0"},
				"up": {"uv": [9, 5, 10, 4], "texture": "#0"},
				"down": {"uv": [10, 4, 11, 5], "texture": "#0"}
			}
		},
		{
			"name": "leftArm",
			"from": [-1, 11, 21],
			"to": [4, 14, 27],
			"rotation": {"angle": -45, "axis": "x", "origin": [8, 0, 10]},
			"faces": {
				"north": {"uv": [9.25, 9.5, 8, 10.25], "texture": "#0"},
				"east": {"uv": [10.75, 9.5, 9.25, 10.25], "texture": "#0"},
				"south": {"uv": [12, 9.5, 10.75, 10.25], "texture": "#0"},
				"west": {"uv": [8, 9.5, 6.5, 10.25], "texture": "#0"},
				"up": {"uv": [8, 9.5, 9.25, 8], "texture": "#0"},
				"down": {"uv": [9.25, 8, 10.5, 9.5], "texture": "#0"}
			}
		},
		{
			"name": "leftArm",
			"from": [-1, 9, 21],
			"to": [-1, 11, 26],
			"rotation": {"angle": -45, "axis": "x", "origin": [8, 0, 10]},
			"faces": {
				"north": {"uv": [13.5, 9.75, 13.5, 10.25], "texture": "#0"},
				"east": {"uv": [14.75, 9.75, 13.5, 10.25], "texture": "#0"},
				"south": {"uv": [14.75, 9.75, 14.75, 10.25], "texture": "#0"},
				"west": {"uv": [13.5, 9.75, 12.25, 10.25], "texture": "#0"},
				"up": {"uv": [13.5, 9.75, 13.5, 8.5], "texture": "#0"},
				"down": {"uv": [13.5, 8.5, 13.5, 9.75], "texture": "#0"}
			}
		},
		{
			"name": "leftArm",
			"from": [0, 16, 24],
			"to": [4, 19, 24],
			"rotation": {"angle": -45, "axis": "x", "origin": [8, 0, 10]},
			"faces": {
				"north": {"uv": [6, 8, 5, 8.75], "texture": "#0"},
				"east": {"uv": [6, 8, 6, 8.75], "texture": "#0"},
				"south": {"uv": [7, 8, 6, 8.75], "texture": "#0"},
				"west": {"uv": [5, 8, 5, 8.75], "texture": "#0"},
				"up": {"uv": [5, 8, 6, 8], "texture": "#0"},
				"down": {"uv": [6, 8, 7, 8], "texture": "#0"}
			}
		},
		{
			"name": "rightArm",
			"from": [12, 4, -5],
			"to": [16, 16, -1],
			"rotation": {"angle": 45, "axis": "x", "origin": [8, 0, 10]},
			"faces": {
				"north": {"uv": [9, 5, 10, 8], "texture": "#0"},
				"east": {"uv": [8, 5, 9, 8], "texture": "#0"},
				"south": {"uv": [11, 5, 12, 8], "texture": "#0"},
				"west": {"uv": [10, 5, 11, 8], "texture": "#0"},
				"up": {"uv": [10, 5, 9, 4], "texture": "#0"},
				"down": {"uv": [11, 4, 10, 5], "texture": "#0"}
			}
		},
		{
			"name": "rightArm",
			"from": [12, 16, -3],
			"to": [16, 19, -3],
			"rotation": {"angle": 45, "axis": "x", "origin": [8, 0, 10]},
			"faces": {
				"north": {"uv": [5, 8, 6, 8.75], "texture": "#0"},
				"east": {"uv": [5, 8, 5, 8.75], "texture": "#0"},
				"south": {"uv": [6, 8, 7, 8.75], "texture": "#0"},
				"west": {"uv": [6, 8, 6, 8.75], "texture": "#0"},
				"up": {"uv": [6, 8, 5, 8], "texture": "#0"},
				"down": {"uv": [7, 8, 6, 8], "texture": "#0"}
			}
		},
		{
			"name": "rightArm",
			"from": [12, 11, -6],
			"to": [17, 14, 0],
			"rotation": {"angle": 45, "axis": "x", "origin": [8, 0, 10]},
			"faces": {
				"north": {"uv": [8, 9.5, 9.25, 10.25], "texture": "#0"},
				"east": {"uv": [6.5, 9.5, 8, 10.25], "texture": "#0"},
				"south": {"uv": [10.75, 9.5, 12, 10.25], "texture": "#0"},
				"west": {"uv": [9.25, 9.5, 10.75, 10.25], "texture": "#0"},
				"up": {"uv": [9.25, 9.5, 8, 8], "texture": "#0"},
				"down": {"uv": [10.5, 8, 9.25, 9.5], "texture": "#0"}
			}
		},
		{
			"name": "rightArm",
			"from": [17, 9, -6],
			"to": [17, 11, -1],
			"rotation": {"angle": 45, "axis": "x", "origin": [8, 0, 10]},
			"faces": {
				"north": {"uv": [13.5, 9.75, 13.5, 10.25], "texture": "#0"},
				"east": {"uv": [12.25, 9.75, 13.5, 10.25], "texture": "#0"},
				"south": {"uv": [14.75, 9.75, 14.75, 10.25], "texture": "#0"},
				"west": {"uv": [13.5, 9.75, 14.75, 10.25], "texture": "#0"},
				"up": {"uv": [13.5, 9.75, 13.5, 8.5], "texture": "#0"},
				"down": {"uv": [13.5, 8.5, 13.5, 9.75], "texture": "#0"}
			}
		}
	],
	"display": {
		"head": {
			"translation": [0, -24.75, 2.25],
			"scale": [2.5, 2.5, 2.5]
		}
	},
	"groups": [
		{
			"name": "root",
			"origin": [0, 0, 0],
			"color": 0,
			"children": [
				{
					"name": "enderPearl",
					"origin": [5.5, 14, -9],
					"color": 1,
					"children": [0, 1]
				},
				{
					"name": "leftLeg",
					"origin": [-1.9, 12, 0],
					"color": 2,
					"children": [2, 3, 4, 5]
				},
				{
					"name": "rightLeg",
					"origin": [1.9, 12, 0],
					"color": 3,
					"children": [6, 7, 8, 9]
				},
				{
					"name": "waist",
					"origin": [0, 12, 0],
					"color": 4,
					"children": [
						{
							"name": "body",
							"origin": [0, 24, 0],
							"color": 5,
							"children": [
								10,
								11,
								12,
								13,
								{
									"name": "head",
									"origin": [0, 24, 0],
									"color": 6,
									"children": [
										14,
										15,
										16,
										17,
										18,
										19,
										20,
										21,
										{
											"name": "rightEyebrow",
											"origin": [1, 28, -4.2],
											"color": 7,
											"children": [22]
										},
										{
											"name": "leftEyebrow",
											"origin": [-1, 27.5, -4.2],
											"color": 8,
											"children": [23]
										}
									]
								},
								{
									"name": "leftArm",
									"origin": [-4, 21.5, 0],
									"color": 9,
									"children": [24, 25, 26, 27]
								},
								{
									"name": "rightArm",
									"origin": [5, 21.5, 0],
									"color": 0,
									"children": [28, 29, 30, 31]
								}
							]
						}
					]
				}
			]
		}
	]
}