{
	"credit": "Made with Blockbench",
	"texture_size": [64, 64],
	"textures": {
		"0": "item/models/hub/teleport/teleport",
		"1": "item/models/hub/teleport/teleport1",
		"2": "item/models/hub/teleport/teleport2",
		"particle": "block/texture"
	},
	"elements": [
		{
			"from": [7, 0, 0],
			"to": [9, 1, 2],
			"faces": {
				"north": {"uv": [0.5, 0.5, 1, 0.75], "texture": "#2"},
				"east": {"uv": [0, 0.5, 0.5, 0.75], "texture": "#2"},
				"south": {"uv": [1.5, 0.5, 2, 0.75], "texture": "#2"},
				"west": {"uv": [1, 0.5, 1.5, 0.75], "texture": "#2"},
				"up": {"uv": [1, 0.5, 0.5, 0], "texture": "#2"},
				"down": {"uv": [1.5, 0, 1, 0.5], "texture": "#2"}
			}
		},
		{
			"from": [14, 0, 7],
			"to": [16, 1, 9],
			"faces": {
				"north": {"uv": [0.5, 0.5, 1, 0.75], "texture": "#missing"},
				"east": {"uv": [0, 0.5, 0.5, 0.75], "texture": "#missing"},
				"south": {"uv": [1.5, 0.5, 2, 0.75], "texture": "#missing"},
				"west": {"uv": [1, 0.5, 1.5, 0.75], "texture": "#missing"},
				"up": {"uv": [1, 0.5, 0.5, 0], "texture": "#missing"},
				"down": {"uv": [1.5, 0, 1, 0.5], "texture": "#missing"}
			}
		},
		{
			"from": [0, 0, 7],
			"to": [2, 1, 9],
			"faces": {
				"north": {"uv": [0.5, 0.5, 1, 0.75], "texture": "#2"},
				"east": {"uv": [0, 0.5, 0.5, 0.75], "texture": "#2"},
				"south": {"uv": [1.5, 0.5, 2, 0.75], "texture": "#2"},
				"west": {"uv": [1, 0.5, 1.5, 0.75], "texture": "#2"},
				"up": {"uv": [1, 0.5, 0.5, 0], "texture": "#2"},
				"down": {"uv": [1.5, 0, 1, 0.5], "texture": "#2"}
			}
		},
		{
			"from": [2, 0, 2],
			"to": [14, 2, 14],
			"faces": {
				"north": {"uv": [3, 3, 6, 3.5], "texture": "#0"},
				"east": {"uv": [0, 3, 3, 3.5], "texture": "#0"},
				"south": {"uv": [9, 3, 12, 3.5], "texture": "#0"},
				"west": {"uv": [6, 3, 9, 3.5], "texture": "#0"},
				"up": {"uv": [6, 3, 3, 0], "texture": "#0"},
				"down": {"uv": [9, 0, 6, 3], "texture": "#0"}
			}
		},
		{
			"from": [4, 2, 4],
			"to": [4, 5, 12],
			"faces": {
				"north": {"uv": [2, 2.5, 2, 3.25], "texture": "#1"},
				"east": {"uv": [0, 2.5, 2, 3.25], "texture": "#1"},
				"south": {"uv": [4, 2.5, 4, 3.25], "texture": "#1"},
				"west": {"uv": [2, 2.5, 4, 3.25], "texture": "#1"},
				"up": {"uv": [2, 2.5, 2, 0.5], "texture": "#1"},
				"down": {"uv": [2, 0.5, 2, 2.5], "texture": "#1"}
			}
		},
		{
			"from": [12, 2, 4],
			"to": [12, 5, 12],
			"faces": {
				"north": {"uv": [2, 2.5, 2, 3.25], "texture": "#1"},
				"east": {"uv": [0, 2.5, 2, 3.25], "texture": "#1"},
				"south": {"uv": [4, 2.5, 4, 3.25], "texture": "#1"},
				"west": {"uv": [2, 2.5, 4, 3.25], "texture": "#1"},
				"up": {"uv": [2, 2.5, 2, 0.5], "texture": "#1"},
				"down": {"uv": [2, 0.5, 2, 2.5], "texture": "#1"}
			}
		},
		{
			"from": [4, 2, 12],
			"to": [12, 5, 12],
			"faces": {
				"north": {"uv": [0, 2.5, 2, 3.25], "texture": "#1"},
				"east": {"uv": [0, 2.5, 0, 3.25], "texture": "#1"},
				"south": {"uv": [2, 2.5, 4, 3.25], "texture": "#1"},
				"west": {"uv": [2, 2.5, 2, 3.25], "texture": "#1"},
				"up": {"uv": [2, 2.5, 0, 2.5], "texture": "#1"},
				"down": {"uv": [4, 2.5, 2, 2.5], "texture": "#1"}
			}
		},
		{
			"from": [4, 2, 4],
			"to": [12, 5, 4],
			"faces": {
				"north": {"uv": [0, 2.5, 2, 3.25], "texture": "#1"},
				"east": {"uv": [0, 2.5, 0, 3.25], "texture": "#1"},
				"south": {"uv": [2, 2.5, 4, 3.25], "texture": "#1"},
				"west": {"uv": [2, 2.5, 2, 3.25], "texture": "#1"},
				"up": {"uv": [2, 2.5, 0, 2.5], "texture": "#1"},
				"down": {"uv": [4, 2.5, 2, 2.5], "texture": "#1"}
			}
		},
		{
			"from": [7, 0, 14],
			"to": [9, 1, 16],
			"faces": {
				"north": {"uv": [0.5, 0.5, 1, 0.75], "texture": "#2"},
				"east": {"uv": [0, 0.5, 0.5, 0.75], "texture": "#2"},
				"south": {"uv": [1.5, 0.5, 2, 0.75], "texture": "#2"},
				"west": {"uv": [1, 0.5, 1.5, 0.75], "texture": "#2"},
				"up": {"uv": [1, 0.5, 0.5, 0], "texture": "#2"},
				"down": {"uv": [1.5, 0, 1, 0.5], "texture": "#2"}
			}
		},
		{
			"from": [14, 0, 7],
			"to": [16, 1, 9],
			"faces": {
				"north": {"uv": [0.5, 0.5, 1, 0.75], "texture": "#2"},
				"east": {"uv": [0, 0.5, 0.5, 0.75], "texture": "#2"},
				"south": {"uv": [1.5, 0.5, 2, 0.75], "texture": "#2"},
				"west": {"uv": [1, 0.5, 1.5, 0.75], "texture": "#2"},
				"up": {"uv": [1, 0.5, 0.5, 0], "texture": "#2"},
				"down": {"uv": [1.5, 0, 1, 0.5], "texture": "#2"}
			}
		}
	],
	"display": {
		"thirdperson_righthand": {
			"rotation": [57.51, 0.23, -0.03],
			"translation": [0, 1.75, 0.75],
			"scale": [0.2, 0.2, 0.2]
		},
		"firstperson_righthand": {
			"rotation": [39.25, 0, 0],
			"translation": [0, 5, 3.25],
			"scale": [0.5, 0.5, 0.5]
		},
		"head": {
			"translation": [0, -27.25, 0],
			"scale": [2, 2, 2]
		}
	},
	"groups": [
		{
			"name": "base",
			"origin": [0, 0, 0],
			"color": 0,
			"children": []
		},
		{
			"name": "cube",
			"origin": [0, 10, 0],
			"color": 0,
			"children": []
		},
		{
			"name": "glass",
			"origin": [0, 10, 0],
			"color": 0,
			"children": []
		},
		{
			"name": "body",
			"origin": [0, 15.5, 0],
			"color": 0,
			"children": []
		},
		{
			"name": "body",
			"origin": [0, 15.5, 0],
			"color": 0,
			"children": []
		},
		{
			"name": "group",
			"origin": [8, 8, 8],
			"color": 0,
			"children": [0, 1, 2, 3, 4, 5, 6, 7]
		},
		8,
		9
	]
}