{
    "parent": "item/generated",
    "textures": {
        "layer0": "item/feather"
    },
    "overrides": [
        {"predicate": {"custom_model_data":1}, "model": "item/white_concrete"},
		{"predicate": {"custom_model_data":2}, "model": "item/light_gray_concrete"},
		{"predicate": {"custom_model_data":3}, "model": "item/gray_concrete"},
		{"predicate": {"custom_model_data":4}, "model": "item/black_concrete"},
		{"predicate": {"custom_model_data":5}, "model": "item/brown_concrete"},
		{"predicate": {"custom_model_data":6}, "model": "item/red_concrete"},
		{"predicate": {"custom_model_data":7}, "model": "item/orange_concrete"},
		{"predicate": {"custom_model_data":8}, "model": "item/yellow_concrete"},
		{"predicate": {"custom_model_data":9}, "model": "item/lime_concrete"},
		{"predicate": {"custom_model_data":10}, "model": "item/green_concrete"},
		{"predicate": {"custom_model_data":11}, "model": "item/cyan_concrete"},
		{"predicate": {"custom_model_data":12}, "model": "item/light_blue_concrete"},
		{"predicate": {"custom_model_data":13}, "model": "item/blue_concrete"},
		{"predicate": {"custom_model_data":14}, "model": "item/purple_concrete"},
		{"predicate": {"custom_model_data":15}, "model": "item/magenta_concrete"},
		{"predicate": {"custom_model_data":16}, "model": "item/pink_concrete"},
		{"predicate": {"custom_model_data":17}, "model": "item/terracotta"},
		{"predicate": {"custom_model_data":18}, "model": "item/white_terracotta"},
		{"predicate": {"custom_model_data":19}, "model": "item/light_gray_terracotta"},
		{"predicate": {"custom_model_data":20}, "model": "item/gray_terracotta"},
		{"predicate": {"custom_model_data":21}, "model": "item/black_terracotta"},
		{"predicate": {"custom_model_data":22}, "model": "item/brown_terracotta"},
		{"predicate": {"custom_model_data":23}, "model": "item/red_terracotta"},
		{"predicate": {"custom_model_data":24}, "model": "item/orange_terracotta"},
		{"predicate": {"custom_model_data":25}, "model": "item/yellow_terracotta"},
		{"predicate": {"custom_model_data":26}, "model": "item/lime_terracotta"},
		{"predicate": {"custom_model_data":27}, "model": "item/cyan_terracotta"},
		{"predicate": {"custom_model_data":28}, "model": "item/light_blue_terracotta"},
		{"predicate": {"custom_model_data":29}, "model": "item/blue_terracotta"},
		{"predicate": {"custom_model_data":30}, "model": "item/purple_terracotta"},
		{"predicate": {"custom_model_data":31}, "model": "item/magenta_terracotta"},
		{"predicate": {"custom_model_data":32}, "model": "item/pink_terracotta"}
        ]
}
