{
    "parent": "item/generated",
    "textures": {
        "layer0": "item/map"
    },
    "overrides": [
        { "predicate": { "custom_model_data": 1}, "model": "skydinse/hub/deathrun"},
        { "predicate": { "custom_model_data": 2}, "model": "skydinse/hub/navigator"},
        { "predicate": { "custom_model_data": 3}, "model": "skydinse/hub/skywars"},
        { "predicate": { "custom_model_data": 4}, "model": "skydinse/hub/duels"},
        { "predicate": { "custom_model_data": 5}, "model": "skydinse/hub/blockparty"},
        { "predicate": { "custom_model_data": 6}, "model": "skydinse/hub/newgame"},
        { "predicate": { "custom_model_data": 7}, "model": "skydinse/hub/ffa"},
        { "predicate": { "custom_model_data": 8}, "model": "skydinse/hub/maze"},
        { "predicate": { "custom_model_data": 9}, "model": "skydinse/hub/lava"},
        { "predicate": { "custom_model_data": 10}, "model": "skydinse/hub/teleport"}
        ]
}
