{
    "parent": "item/generated",
    "textures": {
        "layer0": "item/stick"
    },
    "overrides": [
        {"predicate": {"custom_model_data": 1}, "model": "skydinse/guis/invisibleitem"},
		{"predicate": {"custom_model_data": 2}, "model": "skydinse/items/navigator"},
		{"predicate": {"custom_model_data": 3}, "model": "skydinse/items/colorpalette"},
        {"predicate": {"custom_model_data": 4}, "model": "skydinse/items/water_bottle_01"},
        {"predicate": {"custom_model_data": 5}, "model": "skydinse/items/water_bottle_02"},
        {"predicate": {"custom_model_data": 6}, "model": "skydinse/items/water_bottle_03"},
        {"predicate": {"custom_model_data": 7}, "model": "skydinse/items/water_bottle_04"},
        {"predicate": {"custom_model_data": 8}, "model": "skydinse/items/water_bottle_05"},
        {"predicate": {"custom_model_data": 9}, "model": "skydinse/items/water_bottle_06"},
        {"predicate": {"custom_model_data": 10}, "model": "skydinse/items/water_bottle_07"},
        {"predicate": {"custom_model_data": 11}, "model": "skydinse/items/water_bottle_08"}
    ]
}
