{
	"textures": {
		"0": "guis/pixel",
		"particle": "guis/pixel"
	},
	"elements": [
		{
			"from": [0, 0, 0],
			"to": [16, 0, 16],
			"rotation": {"angle": 0, "axis": "y", "origin": [8, 0, 8]},
			"faces": {
				"north": {"uv": [0, 0, 16, 16], "texture": "#0"},
				"east": {"uv": [0, 0, 16, 16], "texture": "#0"},
				"south": {"uv": [0, 0, 16, 16], "texture": "#0"},
				"west": {"uv": [0, 0, 16, 16], "texture": "#0"},
				"up": {"uv": [0, 0, 16, 16], "texture": "#0"},
				"down": {"uv": [0, 16, 16, 0], "texture": "#0"}
			}
		}
	],
	"display": {
        "ground": {
            "scale": [ 0, 0, 0 ]
        },
		"fixed": {
			"scale": [4, 4, 4]
		},
        "firstperson_righthand": {
            "scale": [ 0, 0, 0 ]
        },
        "firstperson_leftthand": {
            "scale": [ 0, 0, 0 ]
        },
        "thirdperson_righthand": {
            "scale": [ 0, 0, 0 ]
        },
        "thirdperson_lefthand": {
        	"scale": [ 0, 0, 0 ]
        }
    }
}