{
	"credit": "Made with Blockbench",
	"texture_size": [64, 64],
	"textures": {
		"0": "item/models/murder/coin/coin"
	},
	"elements": [
		{
			"name": "Coin",
			"from": [2, 3, 7],
			"to": [14, 25, 9],
			"faces": {
				"north": {"uv": [0.5, 0.5, 3.5, 6], "texture": "#0"},
				"east": {"uv": [0, 0.5, 0.5, 6], "texture": "#0"},
				"south": {"uv": [4, 0.5, 7, 6], "texture": "#0"},
				"west": {"uv": [3.5, 0.5, 4, 6], "texture": "#0"},
				"up": {"uv": [3.5, 0.5, 0.5, 0], "texture": "#0"},
				"down": {"uv": [6.5, 0, 3.5, 0.5], "texture": "#0"}
			}
		},
		{
			"name": "Coin",
			"from": [0, 5, 7],
			"to": [2, 23, 9],
			"faces": {
				"north": {"uv": [2.5, 6.5, 3, 11], "texture": "#0"},
				"east": {"uv": [2, 6.5, 2.5, 11], "texture": "#0"},
				"south": {"uv": [3.5, 6.5, 4, 11], "texture": "#0"},
				"west": {"uv": [3, 6.5, 3.5, 11], "texture": "#0"},
				"up": {"uv": [3, 6.5, 2.5, 6], "texture": "#0"},
				"down": {"uv": [3.5, 6, 3, 6.5], "texture": "#0"}
			}
		},
		{
			"name": "Coin",
			"from": [14, 5, 7],
			"to": [16, 23, 9],
			"faces": {
				"north": {"uv": [0.5, 6.5, 1, 11], "texture": "#0"},
				"east": {"uv": [0, 6.5, 0.5, 11], "texture": "#0"},
				"south": {"uv": [1.5, 6.5, 2, 11], "texture": "#0"},
				"west": {"uv": [1, 6.5, 1.5, 11], "texture": "#0"},
				"up": {"uv": [1, 6.5, 0.5, 6], "texture": "#0"},
				"down": {"uv": [1.5, 6, 1, 6.5], "texture": "#0"}
			}
		},
		{
			"name": "Coin",
			"from": [-2, 7, 7],
			"to": [0, 21, 9],
			"faces": {
				"north": {"uv": [6.5, 6.5, 7, 10], "texture": "#0"},
				"east": {"uv": [6, 6.5, 6.5, 10], "texture": "#0"},
				"south": {"uv": [7.5, 6.5, 8, 10], "texture": "#0"},
				"west": {"uv": [7, 6.5, 7.5, 10], "texture": "#0"},
				"up": {"uv": [7, 6.5, 6.5, 6], "texture": "#0"},
				"down": {"uv": [7.5, 6, 7, 6.5], "texture": "#0"}
			}
		},
		{
			"name": "Coin",
			"from": [16, 7, 7],
			"to": [18, 21, 9],
			"faces": {
				"north": {"uv": [4.5, 6.5, 5, 10], "texture": "#0"},
				"east": {"uv": [4, 6.5, 4.5, 10], "texture": "#0"},
				"south": {"uv": [5.5, 6.5, 6, 10], "texture": "#0"},
				"west": {"uv": [5, 6.5, 5.5, 10], "texture": "#0"},
				"up": {"uv": [5, 6.5, 4.5, 6], "texture": "#0"},
				"down": {"uv": [5.5, 6, 5, 6.5], "texture": "#0"}
			}
		}
	],
	"display": {
		"firstperson_righthand": {
			"translation": [0.25, -2.25, 0],
			"scale": [0.5, 0.5, 0.5]
		},
		"ground": {
			"scale": [0.75, 0.75, 0.75]
		},
		"gui": {
			"translation": [0.25, -4.75, 0],
			"scale": [0.75, 0.75, 0.75]
		},
		"head": {
			"translation": [0, -35.75, -0.25]
		},
		"fixed": {
			"translation": [0, -4.5, -1]
		}
	},
	"groups": [
		{
			"name": "Coin",
			"origin": [0, 8, -11],
			"color": 0,
			"children": [0, 1, 2, 3, 4]
		}
	]
}