{
	"credit": "Made with Blockbench",
	"texture_size": [64, 64],
	"textures": {
		"0": "item/models/murder/hat/hat"
	},
	"elements": [
		{
			"name": "PoliceHat",
			"from": [-1.0808, 11.58016, -9],
			"to": [23.5432, 14.04256, 25.4736],
			"faces": {
				"north": {"uv": [4.25, 4.25, 7.25, 4.5], "texture": "#0"},
				"east": {"uv": [0, 4.25, 4.25, 4.5], "texture": "#0"},
				"south": {"uv": [11.5, 4.25, 14.5, 4.5], "texture": "#0"},
				"west": {"uv": [7.25, 4.25, 11.5, 4.5], "texture": "#0"},
				"up": {"uv": [7.25, 4.25, 4.25, 0], "texture": "#0"},
				"down": {"uv": [10.25, 0, 7.25, 4.25], "texture": "#0"}
			}
		},
		{
			"name": "PoliceHat",
			"from": [-3.5432, 11.58016, -9],
			"to": [-1.0808, 14.04256, 18.8864],
			"faces": {
				"north": {"uv": [7.5, 11.25, 7.75, 11.5], "texture": "#0"},
				"east": {"uv": [4.25, 11.25, 7.5, 11.5], "texture": "#0"},
				"south": {"uv": [11, 11.25, 11.25, 11.5], "texture": "#0"},
				"west": {"uv": [7.75, 11.25, 11, 11.5], "texture": "#0"},
				"up": {"uv": [7.75, 11.25, 7.5, 8], "texture": "#0"},
				"down": {"uv": [8, 8, 7.75, 11.25], "texture": "#0"}
			}
		},
		{
			"name": "PoliceHat",
			"from": [23.5432, 11.58016, -9],
			"to": [26.0056, 14.04256, 18.8864],
			"faces": {
				"north": {"uv": [10, 7.75, 10.25, 8], "texture": "#0"},
				"east": {"uv": [6.75, 7.75, 10, 8], "texture": "#0"},
				"south": {"uv": [13.5, 7.75, 13.75, 8], "texture": "#0"},
				"west": {"uv": [10.25, 7.75, 13.5, 8], "texture": "#0"},
				"up": {"uv": [10.25, 7.75, 10, 4.5], "texture": "#0"},
				"down": {"uv": [10.5, 4.5, 10.25, 7.75], "texture": "#0"}
			}
		},
		{
			"name": "PoliceHat",
			"from": [-1.0808, 12.3008, -5.8275],
			"to": [23.5432, 32, 1.5597],
			"faces": {
				"north": {"uv": [0.75, 8, 3.75, 10.25], "texture": "#0"},
				"east": {"uv": [0, 8, 0.75, 10.25], "texture": "#0"},
				"south": {"uv": [4.5, 8, 7.5, 10.25], "texture": "#0"},
				"west": {"uv": [3.75, 8, 4.5, 10.25], "texture": "#0"},
				"up": {"uv": [3.75, 8, 0.75, 7.25], "texture": "#0"},
				"down": {"uv": [6.75, 7.25, 3.75, 8], "texture": "#0"}
			}
		},
		{
			"name": "PoliceHat",
			"from": [-1.0808, 17.2256, -8.2899],
			"to": [23.5432, 32, -5.8275],
			"faces": {
				"north": {"uv": [10.5, 0.25, 13.5, 2], "texture": "#0"},
				"east": {"uv": [10.25, 0.25, 10.5, 2], "texture": "#0"},
				"south": {"uv": [13.75, 0.25, 16.75, 2], "texture": "#0"},
				"west": {"uv": [13.5, 0.25, 13.75, 2], "texture": "#0"},
				"up": {"uv": [13.5, 0.25, 10.5, 0], "texture": "#0"},
				"down": {"uv": [16.5, 0, 13.5, 0.25], "texture": "#0"}
			}
		},
		{
			"name": "PoliceHat",
			"from": [3.844, 29.5376, -8.2899],
			"to": [18.6184, 32, -5.8275],
			"faces": {
				"north": {"uv": [0.25, 0.25, 2, 0.5], "texture": "#0"},
				"east": {"uv": [0, 0.25, 0.25, 0.5], "texture": "#0"},
				"south": {"uv": [2.25, 0.25, 4, 0.5], "texture": "#0"},
				"west": {"uv": [2, 0.25, 2.25, 0.5], "texture": "#0"},
				"up": {"uv": [2, 0.25, 0.25, 0], "texture": "#0"},
				"down": {"uv": [3.75, 0, 2, 0.25], "texture": "#0"}
			}
		},
		{
			"name": "PoliceHat",
			"from": [-1.0808, 14.04256, 1.5597],
			"to": [23.5432, 21.42976, 18.7965],
			"faces": {
				"north": {"uv": [2, 6.5, 5, 7.25], "texture": "#0"},
				"east": {"uv": [0, 6.5, 2, 7.25], "texture": "#0"},
				"south": {"uv": [7, 6.5, 10, 7.25], "texture": "#0"},
				"west": {"uv": [5, 6.5, 7, 7.25], "texture": "#0"},
				"up": {"uv": [5, 6.5, 2, 4.5], "texture": "#0"},
				"down": {"uv": [8, 4.5, 5, 6.5], "texture": "#0"}
			}
		},
		{
			"name": "PoliceHat",
			"from": [-1.0808, 21.42976, 1.5597],
			"to": [23.5432, 31.27936, 6.4845],
			"faces": {
				"north": {"uv": [8.5, 8.5, 11.5, 9.5], "texture": "#0"},
				"east": {"uv": [8, 8.5, 8.5, 9.5], "texture": "#0"},
				"south": {"uv": [12, 8.5, 15, 9.5], "texture": "#0"},
				"west": {"uv": [11.5, 8.5, 12, 9.5], "texture": "#0"},
				"up": {"uv": [11.5, 8.5, 8.5, 8], "texture": "#0"},
				"down": {"uv": [14.5, 8, 11.5, 8.5], "texture": "#0"}
			}
		},
		{
			"name": "PoliceHat",
			"from": [-1.0808, 21.42976, 6.4845],
			"to": [23.5432, 28.81696, 11.4093],
			"faces": {
				"north": {"uv": [8.5, 10, 11.5, 10.75], "texture": "#0"},
				"east": {"uv": [8, 10, 8.5, 10.75], "texture": "#0"},
				"south": {"uv": [12, 10, 15, 10.75], "texture": "#0"},
				"west": {"uv": [11.5, 10, 12, 10.75], "texture": "#0"},
				"up": {"uv": [11.5, 10, 8.5, 9.5], "texture": "#0"},
				"down": {"uv": [14.5, 9.5, 11.5, 10], "texture": "#0"}
			}
		},
		{
			"name": "PoliceHat",
			"from": [-1.0808, 21.42976, 11.4093],
			"to": [23.5432, 26.35456, 13.8717],
			"faces": {
				"north": {"uv": [0.25, 10.5, 3.25, 11], "texture": "#0"},
				"east": {"uv": [0, 10.5, 0.25, 11], "texture": "#0"},
				"south": {"uv": [3.5, 10.5, 6.5, 11], "texture": "#0"},
				"west": {"uv": [3.25, 10.5, 3.5, 11], "texture": "#0"},
				"up": {"uv": [3.25, 10.5, 0.25, 10.25], "texture": "#0"},
				"down": {"uv": [6.25, 10.25, 3.25, 10.5], "texture": "#0"}
			}
		},
		{
			"name": "PoliceHat",
			"from": [-1.0808, 21.42976, 13.8717],
			"to": [23.5432, 23.89216, 16.7341],
			"faces": {
				"north": {"uv": [10.5, 2.25, 13.5, 2.5], "texture": "#0"},
				"east": {"uv": [10.25, 2.25, 10.5, 2.5], "texture": "#0"},
				"south": {"uv": [13.75, 2.25, 16.75, 2.5], "texture": "#0"},
				"west": {"uv": [13.5, 2.25, 13.75, 2.5], "texture": "#0"},
				"up": {"uv": [13.5, 2.25, 10.5, 2], "texture": "#0"},
				"down": {"uv": [16.5, 2, 13.5, 2.25], "texture": "#0"}
			}
		},
		{
			"name": "Badge",
			"from": [5.0752, 21.42976, -8.68734],
			"to": [17.3872, 28.81696, -6.1299],
			"faces": {
				"north": {"uv": [0.25, 0.75, 1.75, 1.5], "texture": "#0"},
				"east": {"uv": [0, 0.75, 0.25, 1.5], "texture": "#0"},
				"south": {"uv": [2, 0.75, 3.5, 1.5], "texture": "#0"},
				"west": {"uv": [1.75, 0.75, 2, 1.5], "texture": "#0"},
				"up": {"uv": [1.75, 0.75, 0.25, 0.5], "texture": "#0"},
				"down": {"uv": [3.25, 0.5, 1.75, 0.75], "texture": "#0"}
			}
		},
		{
			"name": "Badge",
			"from": [7.1376, 28.81696, -8.68734],
			"to": [14.9248, 31.27936, -6.1299],
			"faces": {
				"north": {"uv": [2, 2, 2.75, 2.25], "texture": "#0"},
				"east": {"uv": [1.75, 2, 2, 2.25], "texture": "#0"},
				"south": {"uv": [3, 2, 3.75, 2.25], "texture": "#0"},
				"west": {"uv": [2.75, 2, 3, 2.25], "texture": "#0"},
				"up": {"uv": [2.75, 2, 2, 1.75], "texture": "#0"},
				"down": {"uv": [3.5, 1.75, 2.75, 2], "texture": "#0"}
			}
		},
		{
			"name": "Badge",
			"from": [7.5376, 18.96736, -8.68734],
			"to": [14.9248, 21.42976, -6.1299],
			"faces": {
				"north": {"uv": [0.25, 1.75, 1, 2], "texture": "#0"},
				"east": {"uv": [0, 1.75, 0.25, 2], "texture": "#0"},
				"south": {"uv": [1.25, 1.75, 2, 2], "texture": "#0"},
				"west": {"uv": [1, 1.75, 1.25, 2], "texture": "#0"},
				"up": {"uv": [1, 1.75, 0.25, 1.5], "texture": "#0"},
				"down": {"uv": [1.75, 1.5, 1, 1.75], "texture": "#0"}
			}
		},
		{
			"name": "Badge",
			"from": [10, 16.50496, -8.68734],
			"to": [12.4624, 18.96736, -6.1299],
			"faces": {
				"north": {"uv": [0.25, 2.25, 0.5, 2.5], "texture": "#0"},
				"east": {"uv": [0, 2.25, 0.25, 2.5], "texture": "#0"},
				"south": {"uv": [0.75, 2.25, 1, 2.5], "texture": "#0"},
				"west": {"uv": [0.5, 2.25, 0.75, 2.5], "texture": "#0"},
				"up": {"uv": [0.5, 2.25, 0.25, 2], "texture": "#0"},
				"down": {"uv": [0.75, 2, 0.5, 2.25], "texture": "#0"}
			}
		}
	],
	"display": {
		"ground": {
			"scale": [0.55, 0.55, 0.55]
		}
	},
	"groups": [
		{
			"name": "PoliceHat",
			"origin": [0, 0, 0],
			"color": 0,
			"children": [0, 1, 2, 3, 4, 5, 6, 7, 8, 9, 10]
		},
		{
			"name": "Badge",
			"origin": [-0.5, 2, 5],
			"color": 1,
			"children": [11, 12, 13, 14]
		}
	]
}