{"providers":[{"type":"bitmap","file":"nameplates:font/space_split.png","ascent":-5000,"height":-3,"chars":["\uf801"]},{"type":"bitmap","file":"nameplates:font/space_split.png","ascent":-5000,"height":-4,"chars":["\uf802"]},{"type":"bitmap","file":"nameplates:font/space_split.png","ascent":-5000,"height":-5,"chars":["\uf803"]},{"type":"bitmap","file":"nameplates:font/space_split.png","ascent":-5000,"height":-6,"chars":["\uf804"]},{"type":"bitmap","file":"nameplates:font/space_split.png","ascent":-5000,"height":-7,"chars":["\uf805"]},{"type":"bitmap","file":"nameplates:font/space_split.png","ascent":-5000,"height":-8,"chars":["\uf806"]},{"type":"bitmap","file":"nameplates:font/space_split.png","ascent":-5000,"height":-9,"chars":["\uf807"]},{"type":"bitmap","file":"nameplates:font/space_split.png","ascent":-5000,"height":-10,"chars":["\uf808"]},{"type":"bitmap","file":"nameplates:font/space_split.png","ascent":-5000,"height":-18,"chars":["\uf809"]},{"type":"bitmap","file":"nameplates:font/space_split.png","ascent":-5000,"height":-34,"chars":["\uf80a"]},{"type":"bitmap","file":"nameplates:font/space_split.png","ascent":-5000,"height":-66,"chars":["\uf80b"]},{"type":"bitmap","file":"nameplates:font/space_split.png","ascent":-5000,"height":-130,"chars":["\uf80c"]},{"type":"bitmap","file":"nameplates:font/space_split.png","ascent":-5000,"height":-1,"chars":["\uf811"]},{"type":"bitmap","file":"nameplates:font/space_split.png","ascent":-5000,"height":0,"chars":["\uf812"]},{"type":"bitmap","file":"nameplates:font/space_split.png","ascent":-5000,"height":1,"chars":["\uf813"]},{"type":"bitmap","file":"nameplates:font/space_split.png","ascent":-5000,"height":2,"chars":["\uf814"]},{"type":"bitmap","file":"nameplates:font/space_split.png","ascent":-5000,"height":3,"chars":["\uf815"]},{"type":"bitmap","file":"nameplates:font/space_split.png","ascent":-5000,"height":4,"chars":["\uf816"]},{"type":"bitmap","file":"nameplates:font/space_split.png","ascent":-5000,"height":5,"chars":["\uf817"]},{"type":"bitmap","file":"nameplates:font/space_split.png","ascent":-5000,"height":6,"chars":["\uf818"]},{"type":"bitmap","file":"nameplates:font/space_split.png","ascent":-5000,"height":14,"chars":["\uf819"]},{"type":"bitmap","file":"nameplates:font/space_split.png","ascent":-5000,"height":30,"chars":["\uf81a"]},{"type":"bitmap","file":"nameplates:font/space_split.png","ascent":-5000,"height":62,"chars":["\uf81b"]},{"type":"bitmap","file":"nameplates:font/space_split.png","ascent":-5000,"height":126,"chars":["\uf81c"]},{"type":"bitmap","file":"nameplates:font/backgrounds/b0.png","ascent":7,"height":14,"chars":["\ub001"]},{"type":"bitmap","file":"nameplates:font/backgrounds/b1.png","ascent":7,"height":14,"chars":["\ub002"]},{"type":"bitmap","file":"nameplates:font/backgrounds/b2.png","ascent":7,"height":14,"chars":["\ub003"]},{"type":"bitmap","file":"nameplates:font/backgrounds/b4.png","ascent":7,"height":14,"chars":["\ub004"]},{"type":"bitmap","file":"nameplates:font/backgrounds/b8.png","ascent":7,"height":14,"chars":["\ub005"]},{"type":"bitmap","file":"nameplates:font/backgrounds/b16.png","ascent":7,"height":14,"chars":["\ub006"]},{"type":"bitmap","file":"nameplates:font/backgrounds/b32.png","ascent":7,"height":14,"chars":["\ub007"]},{"type":"bitmap","file":"nameplates:font/backgrounds/b64.png","ascent":7,"height":14,"chars":["\ub008"]},{"type":"bitmap","file":"nameplates:font/backgrounds/b128.png","ascent":7,"height":14,"chars":["\ub009"]},{"type":"bitmap","file":"nameplates:font/backgrounds/b0.png","ascent":7,"height":14,"chars":["\ub00a"]},{"type":"bitmap","file":"nameplates:font/backgrounds/b0.png","ascent":9,"height":14,"chars":["\ub00b"]},{"type":"bitmap","file":"nameplates:font/backgrounds/b1.png","ascent":9,"height":14,"chars":["\ub00c"]},{"type":"bitmap","file":"nameplates:font/backgrounds/b2.png","ascent":9,"height":14,"chars":["\ub00d"]},{"type":"bitmap","file":"nameplates:font/backgrounds/b4.png","ascent":9,"height":14,"chars":["\ub00e"]},{"type":"bitmap","file":"nameplates:font/backgrounds/b8.png","ascent":9,"height":14,"chars":["\ub00f"]},{"type":"bitmap","file":"nameplates:font/backgrounds/b16.png","ascent":9,"height":14,"chars":["\ub010"]},{"type":"bitmap","file":"nameplates:font/backgrounds/b32.png","ascent":9,"height":14,"chars":["\ub011"]},{"type":"bitmap","file":"nameplates:font/backgrounds/b64.png","ascent":9,"height":14,"chars":["\ub012"]},{"type":"bitmap","file":"nameplates:font/backgrounds/b128.png","ascent":9,"height":14,"chars":["\ub013"]},{"type":"bitmap","file":"nameplates:font/backgrounds/b0.png","ascent":9,"height":14,"chars":["\ub014"]},{"type":"bitmap","file":"nameplates:font/backgrounds/b0.png","ascent":-7,"height":14,"chars":["\ub015"]},{"type":"bitmap","file":"nameplates:font/backgrounds/b1.png","ascent":-7,"height":14,"chars":["\ub016"]},{"type":"bitmap","file":"nameplates:font/backgrounds/b2.png","ascent":-7,"height":14,"chars":["\ub017"]},{"type":"bitmap","file":"nameplates:font/backgrounds/b4.png","ascent":-7,"height":14,"chars":["\ub018"]},{"type":"bitmap","file":"nameplates:font/backgrounds/b8.png","ascent":-7,"height":14,"chars":["\ub019"]},{"type":"bitmap","file":"nameplates:font/backgrounds/b16.png","ascent":-7,"height":14,"chars":["\ub01a"]},{"type":"bitmap","file":"nameplates:font/backgrounds/b32.png","ascent":-7,"height":14,"chars":["\ub01b"]},{"type":"bitmap","file":"nameplates:font/backgrounds/b64.png","ascent":-7,"height":14,"chars":["\ub01c"]},{"type":"bitmap","file":"nameplates:font/backgrounds/b128.png","ascent":-7,"height":14,"chars":["\ub01d"]},{"type":"bitmap","file":"nameplates:font/backgrounds/b0.png","ascent":-7,"height":14,"chars":["\ub01e"]}]}