{
    "providers": [
        { "type": "ttf", "file": "minecraft:heads.ttf", "shift": [0, 0], "size": 11.0, "oversample": 2.0, "skip": ""},


        {"type": "bitmap", "file": "skydinse/extras/tutorialsystem/main/robot.png", "ascent": 2, "height": 43, "chars": ["教"]},
        {"type": "bitmap", "file": "skydinse/extras/text-symbols/pixel2.png", "ascent": 7, "height": 8, "chars": ["方"]},


        {"type": "bitmap", "file": "skydinse/extras/tablist/an1.png", "ascent": 10, "height": 35, "chars": ["🥓"]},
        {"type": "bitmap", "file": "skydinse/extras/tablist/an2.png", "ascent": 10, "height": 35, "chars": ["🥩"]},
        {"type": "bitmap", "file": "skydinse/extras/tablist/an3.png", "ascent": 10, "height": 35, "chars": ["🍗"]},
        {"type": "bitmap", "file": "skydinse/extras/tablist/an4.png", "ascent": 10, "height": 35, "chars": ["🍖"]},
        {"type": "bitmap", "file": "skydinse/extras/tablist/an5.png", "ascent": 10, "height": 35, "chars": ["🧀"]},
        {"type": "bitmap", "file": "skydinse/extras/tablist/an6.png", "ascent": 10, "height": 35, "chars": ["🧇"]},
        {"type": "bitmap", "file": "skydinse/extras/tablist/an7.png", "ascent": 10, "height": 35, "chars": ["🥞"]},
        {"type": "bitmap", "file": "skydinse/extras/tablist/an8.png", "ascent": 10, "height": 35, "chars": ["🥯"]},
        {"type": "bitmap", "file": "skydinse/extras/tablist/an9.png", "ascent": 10, "height": 35, "chars": ["🥨"]},
        {"type": "bitmap", "file": "skydinse/extras/tablist/an10.png", "ascent": 10, "height": 35, "chars": ["🫓"]},
        {"type": "bitmap", "file": "skydinse/extras/tablist/an11.png", "ascent": 10, "height": 35, "chars": ["🥖"]},
        {"type": "bitmap", "file": "skydinse/extras/tablist/an12.png", "ascent": 10, "height": 35, "chars": ["🥐"]},
        {"type": "bitmap", "file": "skydinse/extras/tablist/an13.png", "ascent": 10, "height": 35, "chars": ["🍞"]},
        {"type": "bitmap", "file": "skydinse/extras/tablist/an14.png", "ascent": 10, "height": 35, "chars": ["🌰"]},
        {"type": "bitmap", "file": "skydinse/extras/tablist/an15.png", "ascent": 10, "height": 35, "chars": ["🥜"]},
        {"type": "bitmap", "file": "skydinse/extras/tablist/an16.png", "ascent": 10, "height": 35, "chars": ["🫘"]},
        {"type": "bitmap", "file": "skydinse/extras/tablist/an17.png", "ascent": 10, "height": 35, "chars": ["🍄"]},
        {"type": "bitmap", "file": "skydinse/extras/tablist/an18.png", "ascent": 10, "height": 35, "chars": ["🧅"]},
        {"type": "bitmap", "file": "skydinse/extras/tablist/an19.png", "ascent": 10, "height": 35, "chars": ["🧄"]},
        {"type": "bitmap", "file": "skydinse/extras/tablist/an20.png", "ascent": 10, "height": 35, "chars": ["🥦"]},
        {"type": "bitmap", "file": "skydinse/extras/tablist/an21.png", "ascent": 10, "height": 35, "chars": ["🥬"]},
        {"type": "bitmap", "file": "skydinse/extras/tablist/an22.png", "ascent": 10, "height": 35, "chars": ["🥒"]},
        {"type": "bitmap", "file": "skydinse/extras/tablist/an23.png", "ascent": 10, "height": 35, "chars": ["🫑"]},
        {"type": "bitmap", "file": "skydinse/extras/tablist/an24.png", "ascent": 10, "height": 35, "chars": ["🧊"]},
        {"type": "bitmap", "file": "skydinse/extras/tablist/an25.png", "ascent": 10, "height": 35, "chars": ["🌽"]},
        {"type": "bitmap", "file": "skydinse/extras/tablist/an26.png", "ascent": 10, "height": 35, "chars": ["🥕"]},
        {"type": "bitmap", "file": "skydinse/extras/tablist/an27.png", "ascent": 10, "height": 35, "chars": ["🥔"]},
        {"type": "bitmap", "file": "skydinse/extras/tablist/an28.png", "ascent": 10, "height": 35, "chars": ["🍆"]},
        {"type": "bitmap", "file": "skydinse/extras/tablist/an29.png", "ascent": 10, "height": 35, "chars": ["🥑"]},
        {"type": "bitmap", "file": "skydinse/extras/tablist/an30.png", "ascent": 10, "height": 35, "chars": ["🥥"]},


        {"type": "bitmap", "file": "skydinse/extras/images/banner.png", "ascent": 4, "height": 45, "chars": ["𝕸"]},
        {"type": "bitmap", "file": "skydinse/extras/images/loading.png", "ascent": -60, "height": 61, "chars": ["载"]},


        {"type": "bitmap", "file": "skydinse/extras/water_hungerbar/bottle_empty.png", "ascent": -16, "height": 7, "chars": ["渴"]},
        {"type": "bitmap", "file": "skydinse/extras/water_hungerbar/bottle_half-full.png", "ascent": -16, "height": 7, "chars": ["口"]},
        {"type": "bitmap", "file": "skydinse/extras/water_hungerbar/bottle_full.png", "ascent": -16, "height": 7, "chars": ["水"]},
        {"type": "bitmap", "file": "skydinse/extras/water_hungerbar/bottle_empty.png", "ascent": -6, "height": 7, "chars": ["球"]},
        {"type": "bitmap", "file": "skydinse/extras/water_hungerbar/bottle_half-full.png", "ascent": -6, "height": 7, "chars": ["座"]},
        {"type": "bitmap", "file": "skydinse/extras/water_hungerbar/bottle_full.png", "ascent": -6, "height": 7, "chars": ["黑"]},


        {"type": "bitmap", "file": "skydinse/extras/emojis/openmoji/red-heart.png", "ascent": 9, "height": 13, "chars": ["♥"]},
        {"type": "bitmap", "file": "skydinse/extras/emojis/openmoji/orange-heart.png", "ascent": 9, "height": 13, "chars": ["❤"]},
        {"type": "bitmap", "file": "skydinse/extras/emojis/openmoji/blue-heart.png", "ascent": 9, "height": 13, "chars": ["♡"]},
        {"type": "bitmap", "file": "skydinse/extras/emojis/openmoji/beating-heart.png", "ascent": 9, "height": 13, "chars": ["💓"]},
        {"type": "bitmap", "file": "skydinse/extras/emojis/openmoji/broken-heart.png", "ascent": 10, "height": 13, "chars": ["💔"]},
        {"type": "bitmap", "file": "skydinse/extras/emojis/openmoji/sweat-droplets.png", "ascent": 10, "height": 13, "chars": ["💦"]},
        {"type": "bitmap", "file": "skydinse/extras/emojis/openmoji/heart-on-fire.png", "ascent": 10, "height": 13, "chars": ["❤️‍🔥"]},
        {"type": "bitmap", "file": "skydinse/extras/emojis/openmoji/thought-balloon.png", "ascent": 10, "height": 13, "chars": ["💭"]},
        {"type": "bitmap", "file": "skydinse/extras/emojis/openmoji/sweat-smile.png", "ascent": 10, "height": 13, "chars": ["😅"]},
        {"type": "bitmap", "file": "skydinse/extras/emojis/openmoji/joy.png", "ascent": 10, "height": 13, "chars": ["😂"]},
        {"type": "bitmap", "file": "skydinse/extras/emojis/openmoji/sleeping-face.png", "ascent": 10, "height": 13, "chars": ["😴"]},
        {"type": "bitmap", "file": "skydinse/extras/emojis/openmoji/drooling-face.png", "ascent": 10, "height": 13, "chars": ["🤤"]},
        {"type": "bitmap", "file": "skydinse/extras/emojis/openmoji/face-vomiting.png", "ascent": 10, "height": 13, "chars": ["🤮"]},
        {"type": "bitmap", "file": "skydinse/extras/emojis/openmoji/face-with-thermometer.png", "ascent": 10, "height": 13, "chars": ["🤒"]},
        {"type": "bitmap", "file": "skydinse/extras/emojis/openmoji/face-with-medical-mask.png", "ascent": 10, "height": 13, "chars": ["😷"]},
        {"type": "bitmap", "file": "skydinse/extras/emojis/openmoji/exploding-head.png", "ascent": 10, "height": 13, "chars": ["🤯"]},
        {"type": "bitmap", "file": "skydinse/extras/emojis/openmoji/cold-face.png", "ascent": 10, "height": 13, "chars": ["🥶"]},
        {"type": "bitmap", "file": "skydinse/extras/emojis/openmoji/hot-face.png", "ascent": 10, "height": 13, "chars": ["🥵"]},
        {"type": "bitmap", "file": "skydinse/extras/emojis/openmoji/loudly-crying-face.png", "ascent": 10, "height": 13, "chars": ["😭"]},
        {"type": "bitmap", "file": "skydinse/extras/emojis/openmoji/pile-of-poo.png", "ascent": 10, "height": 13, "chars": ["💩"]},
        {"type": "bitmap", "file": "skydinse/extras/emojis/openmoji/clown-face.png", "ascent": 10, "height": 13, "chars": ["🤡"]},
        {"type": "bitmap", "file": "skydinse/extras/emojis/openmoji/skull.png", "ascent": 10, "height": 13, "chars": ["💀"]},
        {"type": "bitmap", "file": "skydinse/extras/emojis/openmoji/angry-face-with-horns.png", "ascent": 10, "height": 13, "chars": ["👿"]},
        {"type": "bitmap", "file": "skydinse/extras/emojis/openmoji/face-with-symbols-on-mouth.png", "ascent": 10, "height": 13, "chars": ["🤬"]},
        {"type": "bitmap", "file": "skydinse/extras/emojis/openmoji/smiling-face-with-horns.png", "ascent": 10, "height": 13, "chars": ["😈"]},
        {"type": "bitmap", "file": "skydinse/extras/emojis/openmoji/cat-with-tears-of-joy.png", "ascent": 10, "height": 13, "chars": ["😹"]},
        {"type": "bitmap", "file": "skydinse/extras/emojis/openmoji/smiling-cat-with-heart-eyes.png", "ascent": 10, "height": 13, "chars": ["😻"]},
        {"type": "bitmap", "file": "skydinse/extras/emojis/openmoji/weary-cat.png", "ascent": 10, "height": 13, "chars": ["🙀"]},
        {"type": "bitmap", "file": "skydinse/extras/emojis/openmoji/see-no-evil-monkey.png", "ascent": 10, "height": 13, "chars": ["🙈"]},
        {"type": "bitmap", "file": "skydinse/extras/emojis/openmoji/nail-polish.png", "ascent": 10, "height": 13, "chars": ["💅"]},
        {"type": "bitmap", "file": "skydinse/extras/emojis/openmoji/biting-lip.png", "ascent": 11, "height": 16, "chars": ["🫦"]},
        {"type": "bitmap", "file": "skydinse/extras/emojis/openmoji/santa-claus.png", "ascent": 10, "height": 13, "chars": ["🎅"]},
        {"type": "bitmap", "file": "skydinse/extras/emojis/openmoji/new-moon-face.png", "ascent": 10, "height": 13, "chars": ["🌚"]},
        {"type": "bitmap", "file": "skydinse/extras/emojis/openmoji/rainbow.png", "ascent": 10, "height": 13, "chars": ["🌈"]},
        {"type": "bitmap", "file": "skydinse/extras/emojis/openmoji/money-bag.png", "ascent": 10, "height": 13, "chars": ["💰"]},
        {"type": "bitmap", "file": "skydinse/extras/emojis/openmoji/coin.png", "ascent": 10, "height": 13, "chars": ["🪙"]},
        {"type": "bitmap", "file": "skydinse/extras/emojis/openmoji/transgender-flag.png", "ascent": 10, "height": 13, "chars": ["𝘛"]},
        {"type": "bitmap", "file": "skydinse/extras/emojis/openmoji/pride-flag.png", "ascent": 10, "height": 13, "chars": ["𝘗"]},
        {"type": "bitmap", "file": "skydinse/extras/emojis/openmoji/cross-mark.png", "ascent": 10, "height": 13, "chars": ["❌"]},
        {"type": "bitmap", "file": "skydinse/extras/emojis/openmoji/check-mark.png", "ascent": 10, "height": 13, "chars": ["✅"]},
        {"type": "bitmap", "file": "skydinse/extras/emojis/openmoji/glowing-star.png", "ascent": 9, "height": 9, "chars": ["🌟"]},

        
        {"type": "bitmap", "file": "skydinse/extras/emojis/teamsuffixes/probation-star.png", "ascent": 9, "height": 9, "chars": ["☆"]},
        {"type": "bitmap", "file": "skydinse/extras/emojis/teamsuffixes/full-star.png", "ascent": 9, "height": 9, "chars": ["★"]},
        {"type": "bitmap", "file": "skydinse/extras/emojis/teamsuffixes/senior-star.png", "ascent": 9, "height": 9, "chars": ["✫"]},
        

        {"type": "bitmap", "file": "skydinse/extras/prefixes/ranks/founder.png", "ascent": 7, "height": 7, "chars": [""]},
        {"type": "bitmap", "file": "skydinse/extras/prefixes/ranks/owner.png", "ascent": 7, "height": 7, "chars": [""]},
        {"type": "bitmap", "file": "skydinse/extras/prefixes/ranks/player.png", "ascent": 7, "height": 7, "chars": [""]},
        {"type": "bitmap", "file": "skydinse/extras/prefixes/ranks/sky.png", "ascent": 7, "height": 7, "chars": [""]},
        {"type": "bitmap", "file": "skydinse/extras/prefixes/ranks/content.png", "ascent": 7, "height": 7, "chars": [""]},
        {"type": "bitmap", "file": "skydinse/extras/prefixes/ranks/admin.png", "ascent": 7, "height": 7, "chars": [""]},
        {"type": "bitmap", "file": "skydinse/extras/prefixes/ranks/bauteam.png", "ascent": 7, "height": 7, "chars": [""]},
        {"type": "bitmap", "file": "skydinse/extras/prefixes/ranks/moderation.png", "ascent": 7, "height": 7, "chars": [""]},
        {"type": "bitmap", "file": "skydinse/extras/prefixes/ranks/vip.png", "ascent": 7, "height": 7, "chars": [""]},
        {"type": "bitmap", "file": "skydinse/extras/prefixes/ranks/universe.png", "ascent": 7, "height": 7, "chars": [""]},
        {"type": "bitmap", "file": "skydinse/extras/prefixes/ranks/leitung.png", "ascent": 7, "height": 7, "chars": [""]},
        {"type": "bitmap", "file": "skydinse/extras/prefixes/ranks/development.png", "ascent": 7, "height": 7, "chars": [""]},
        {"type": "bitmap", "file": "skydinse/extras/prefixes/ranks/development2.png", "ascent": 7, "height": 7, "chars": ["發"]},
        {"type": "bitmap", "file": "skydinse/extras/prefixes/ranks/support.png", "ascent": 7, "height": 7, "chars": [""]},
        {"type": "bitmap", "file": "skydinse/extras/prefixes/ranks/galaxy.png", "ascent": 7, "height": 7, "chars": [""]},


        {"type": "bitmap", "file": "skydinse/extras/prefixes/other/npc.png", "ascent": 7, "height": 7, "chars": [""]},
        {"type": "bitmap", "file": "skydinse/extras/prefixes/other/click.png", "ascent": 7, "height": 7, "chars": [""]},


        {"type": "bitmap", "file": "skydinse/extras/emojis/openmoji/skull.png", "ascent": 10, "height": 13, "chars": [""]},


        {"type": "bitmap", "file": "skydinse/extras/prefixes/other/place1.png", "ascent": 9, "height": 12, "chars": [""]},
        {"type": "bitmap", "file": "skydinse/extras/prefixes/other/place2.png", "ascent": 8, "height": 11, "chars": [""]},
        {"type": "bitmap", "file": "skydinse/extras/prefixes/other/place3.png", "ascent": 7, "height": 10, "chars": [""]},
        

        {"type": "bitmap", "file": "skydinse/extras/countdowns/timer-10.png", "ascent": 7, "height": 10, "chars": ["𝓉"]},
        {"type": "bitmap", "file": "skydinse/extras/countdowns/timer-9.png", "ascent": 7, "height": 10, "chars": ["𝓃"]},
        {"type": "bitmap", "file": "skydinse/extras/countdowns/timer-8.png", "ascent": 7, "height": 10, "chars": ["𝑒"]},
        {"type": "bitmap", "file": "skydinse/extras/countdowns/timer-7.png", "ascent": 7, "height": 10, "chars": ["𝓈"]},
        {"type": "bitmap", "file": "skydinse/extras/countdowns/timer-6.png", "ascent": 7, "height": 10, "chars": ["𝒮"]},
        {"type": "bitmap", "file": "skydinse/extras/countdowns/timer-5.png", "ascent": 7, "height": 10, "chars": ["𝒻"]},
        {"type": "bitmap", "file": "skydinse/extras/countdowns/timer-4.png", "ascent": 7, "height": 10, "chars": ["ℱ"]},
        {"type": "bitmap", "file": "skydinse/extras/countdowns/timer-3.png", "ascent": 7, "height": 10, "chars": ["𝒯"]},
        {"type": "bitmap", "file": "skydinse/extras/countdowns/timer-2.png", "ascent": 7, "height": 10, "chars": ["𝓣"]},
        {"type": "bitmap", "file": "skydinse/extras/countdowns/timer-1.png", "ascent": 7, "height": 10, "chars": ["𝑜"]},
        {"type": "bitmap", "file": "skydinse/extras/countdowns/game-over.png", "ascent": 7, "height": 10, "chars": ["𝑔"]},


        {"type": "bitmap", "file": "skydinse/guis/lobby/gambling/menu-choice.png", "ascent": 21, "height": 200, "chars": ["賭"]},

        {"type": "bitmap", "file": "skydinse/guis/lobby/language/menu-main.png", "ascent": 21, "height": 200, "chars": ["语"]},

        {"type": "bitmap", "file": "skydinse/guis/lobby/dsgvo/menu-en.png", "ascent": 21, "height": 200, "chars": ["射"]},
        {"type": "bitmap", "file": "skydinse/guis/lobby/dsgvo/menu-de.png", "ascent": 21, "height": 200, "chars": ["保"]},
        {"type": "bitmap", "file": "skydinse/guis/lobby/dsgvo/menu-pt.png", "ascent": 21, "height": 200, "chars": ["助"]},
        {"type": "bitmap", "file": "skydinse/guis/lobby/dsgvo/menu-fr.png", "ascent": 21, "height": 200, "chars": ["中"]},
        {"type": "bitmap", "file": "skydinse/guis/lobby/dsgvo/menu-es.png", "ascent": 21, "height": 200, "chars": ["文"]},
        {"type": "bitmap", "file": "skydinse/guis/lobby/dsgvo/menu-tr.png", "ascent": 21, "height": 200, "chars": ["钱"]},

        {"type": "bitmap", "file": "skydinse/guis/lobby/navigator/menu-main.png", "ascent": 21, "height": 200, "chars": ["卷"]},
        {"type": "bitmap", "file": "skydinse/guis/lobby/navigator/menu-pressed.png", "ascent": 21, "height": 200, "chars": ["包"]},
        {"type": "bitmap", "file": "skydinse/guis/lobby/navigator/menu-overlay-de.png", "ascent": 21, "height": 200, "chars": ["𝖉"]},
        {"type": "bitmap", "file": "skydinse/guis/lobby/navigator/menu-overlay-en.png", "ascent": 21, "height": 200, "chars": ["𝖊"]},
        {"type": "bitmap", "file": "skydinse/guis/lobby/navigator/menu-overlay-pt.png", "ascent": 21, "height": 200, "chars": ["帮"]},
        {"type": "bitmap", "file": "skydinse/guis/lobby/navigator/menu-minigameoverlay.png", "ascent": 21, "height": 200, "chars": ["𝕴"]},


        {"type": "bitmap", "file": "skydinse/extras/text-symbols/pixel.png", "ascent": -999, "height": -6, "chars": ["𓀞"]},
        {"type": "bitmap", "file": "skydinse/extras/text-symbols/pixel.png", "ascent": -999, "height": -17, "chars": ["𓅍"]},
        {"type": "bitmap", "file": "skydinse/extras/text-symbols/pixel.png", "ascent": -999, "height": -152, "chars": ["𓅎"]},
        {"type": "bitmap", "file": "skydinse/extras/text-symbols/pixel.png", "ascent": -999, "height": -2, "chars": ["空"]},


        {"type": "bitmap", "file": "skydinse/extras/tablist/an13.png", "ascent": 0, "height": 600, "chars": ["一"]},
        {"type": "bitmap", "file": "skydinse/extras/tablist/an13.png", "ascent": 4, "height": 600, "chars": ["二"]},
        {"type": "bitmap", "file": "skydinse/extras/tablist/an13.png", "ascent": 8, "height": 600, "chars": ["三"]},
        {"type": "bitmap", "file": "skydinse/extras/tablist/an13.png", "ascent": 12, "height": 600, "chars": ["四"]},
        {"type": "bitmap", "file": "skydinse/extras/tablist/an13.png", "ascent": 16, "height": 600, "chars": ["五"]},
        {"type": "bitmap", "file": "skydinse/extras/tablist/an13.png", "ascent": 20, "height": 600, "chars": ["六"]},
        {"type": "bitmap", "file": "skydinse/extras/tablist/an13.png", "ascent": 24, "height": 600, "chars": ["七"]},
        {"type": "bitmap", "file": "skydinse/extras/tablist/an13.png", "ascent": 28, "height": 600, "chars": ["八"]},
        {"type": "bitmap", "file": "skydinse/extras/tablist/an13.png", "ascent": 32, "height": 600, "chars": ["九"]},
        {"type": "bitmap", "file": "skydinse/extras/tablist/an13.png", "ascent": 36, "height": 600, "chars": ["十"]},
        {"type": "bitmap", "file": "skydinse/extras/tablist/an13.png", "ascent": 40, "height": 600, "chars": ["树"]},
        {"type": "bitmap", "file": "skydinse/extras/tablist/an13.png", "ascent": 44, "height": 600, "chars": ["屋"]},
        {"type": "bitmap", "file": "skydinse/extras/tablist/an13.png", "ascent": 48, "height": 600, "chars": ["房"]},
        {"type": "bitmap", "file": "skydinse/extras/tablist/an13.png", "ascent": 52, "height": 600, "chars": ["车"]},
        {"type": "bitmap", "file": "skydinse/extras/tablist/an13.png", "ascent": 56, "height": 600, "chars": ["汽"]},
        {"type": "bitmap", "file": "skydinse/extras/tablist/an13.png", "ascent": 60, "height": 600, "chars": ["圣"]},
        {"type": "bitmap", "file": "skydinse/extras/tablist/an13.png", "ascent": 64, "height": 600, "chars": ["母"]},
        {"type": "bitmap", "file": "skydinse/extras/tablist/an13.png", "ascent": 68, "height": 600, "chars": ["院"]},
        {"type": "bitmap", "file": "skydinse/extras/tablist/an13.png", "ascent": 72, "height": 600, "chars": ["犬"]},
        {"type": "bitmap", "file": "skydinse/extras/tablist/an13.png", "ascent": 76, "height": 600, "chars": ["猫"]},
        {"type": "bitmap", "file": "skydinse/extras/tablist/an13.png", "ascent": 80, "height": 600, "chars": ["鼠"]}
    ]
}
